-- =====================================================
-- 선수-팀 소속 데이터 (PLR_TM)
-- TM_END_DT NULL = 현재 소속 중
-- =====================================================
INSERT INTO PLR_TM (PLR_ID, TM_ID, TM_BGNG_DT, TM_END_DT) VALUES
-- KIA
( 1, 1, '2023-01-01', NULL), ( 2, 1, '2024-01-01', NULL), ( 3, 1, '2022-01-01', '2025-11-30'),
( 4, 1, '2022-01-01', NULL), ( 5, 1, '2024-01-01', NULL), ( 6, 1, '2024-01-01', NULL),
( 7, 1, '2024-01-01', NULL), ( 8, 1, '2024-01-01', NULL), ( 9, 1, '2024-01-01', NULL),
(10, 1, '2023-01-01', NULL),
-- 삼성
(11, 2, '2023-01-01', NULL), (12, 2, '2022-01-01', NULL), (13, 2, '2024-01-01', NULL),
(14, 2, '2022-01-01', NULL), (15, 2, '2022-01-01', NULL), (16, 2, '2023-01-01', NULL),
(17, 2, '2022-01-01', NULL), (18, 2, '2024-01-01', NULL), (19, 2, '2024-01-01', NULL),
(20, 2, '2024-01-01', NULL),
-- LG
(21, 3, '2023-01-01', NULL), (22, 3, '2022-01-01', NULL), (23, 3, '2022-01-01', NULL),
(24, 3, '2024-01-01', NULL), (25, 3, '2023-01-01', NULL), (26, 3, '2024-01-01', NULL),
(27, 3, '2022-01-01', NULL), (28, 3, '2023-01-01', NULL), (29, 3, '2024-01-01', NULL),
(30, 3, '2024-01-01', NULL),
-- 두산
(31, 4, '2023-01-01', NULL), (32, 4, '2022-01-01', NULL), (33, 4, '2022-01-01', '2025-11-30'),
(34, 4, '2024-01-01', NULL), (35, 4, '2023-01-01', NULL), (36, 4, '2024-01-01', '2025-11-30'),
(37, 4, '2024-01-01', NULL), (38, 4, '2024-01-01', NULL), (39, 4, '2024-01-01', NULL),
(40, 4, '2023-01-01', '2025-11-30'),
-- KT
(41, 5, '2022-01-01', NULL), (42, 5, '2023-01-01', '2025-11-30'), (43, 5, '2022-01-01', NULL),
(44, 5, '2024-01-01', '2025-11-30'), (45, 5, '2024-01-01', NULL), (46, 5, '2024-01-01', NULL),
(47, 5, '2023-01-01', NULL), (48, 5, '2023-01-01', '2025-11-30'), (49, 5, '2022-01-01', NULL),
(50, 5, '2023-01-01', NULL),
-- SSG
(51, 6, '2022-01-01', NULL), (52, 6, '2024-01-01', NULL), (53, 6, '2024-01-01', NULL),
(54, 6, '2022-01-01', NULL), (55, 6, '2024-01-01', NULL), (56, 6, '2023-01-01', NULL),
(57, 6, '2022-01-01', '2025-11-30'), (58, 6, '2024-01-01', NULL), (59, 6, '2023-01-01', NULL),
(60, 6, '2024-01-01', NULL),
-- 롯데
(61, 7, '2022-01-01', '2025-11-30'), (62, 7, '2022-01-01', NULL), (63, 7, '2024-01-01', NULL),
(64, 7, '2023-01-01', NULL), (65, 7, '2024-01-01', NULL), (66, 7, '2024-01-01', NULL),
(67, 7, '2023-01-01', NULL), (68, 7, '2023-01-01', NULL), (69, 7, '2024-01-01', NULL),
(70, 7, '2024-01-01', NULL),
-- 한화
(71, 8, '2024-01-01', NULL), (72, 8, '2024-01-01', NULL), (73, 8, '2022-01-01', NULL),
(74, 8, '2024-01-01', NULL), (75, 8, '2024-01-01', NULL), (76, 8, '2022-01-01', NULL),
(77, 8, '2024-01-01', NULL), (78, 8, '2024-01-01', NULL), (79, 8, '2024-01-01', NULL),
(80, 8, '2024-01-01', NULL),
-- NC
(81, 9, '2022-01-01', NULL), (82, 9, '2022-01-01', '2025-11-30'), (83, 9, '2022-01-01', '2025-11-30'),
(84, 9, '2024-01-01', NULL), (85, 9, '2023-01-01', NULL), (86, 9, '2024-01-01', NULL),
(87, 9, '2023-01-01', NULL), (88, 9, '2024-01-01', NULL), (89, 9, '2024-01-01', NULL),
(90, 9, '2024-01-01', NULL),
-- 키움
( 91, 10, '2024-01-01', NULL), ( 92, 10, '2024-01-01', NULL), ( 93, 10, '2023-01-01', NULL),
( 94, 10, '2023-01-01', NULL), ( 95, 10, '2024-01-01', '2025-11-30'), ( 96, 10, '2022-01-01', '2025-11-30'),
( 97, 10, '2024-01-01', NULL), ( 98, 10, '2024-01-01', NULL), ( 99, 10, '2023-01-01', NULL),
(100, 10, '2024-01-01', NULL),
-- 2026 이적 선수 새 소속 (PLR_ID 1~100)
( 3,   2, '2026-01-15', NULL),  -- 최형우 → 삼성
(33,   5, '2026-01-15', NULL),  -- 허경민 → KT
(36,   2, '2026-01-15', NULL),  -- 박계범 → 삼성
(40,   9, '2026-01-15', NULL),  -- 권희동 → NC
(42,   8, '2026-01-15', NULL),  -- 강백호 → 한화
(44,   3, '2026-01-15', NULL),  -- 천성호 → LG
(48,   2, '2026-01-15', NULL),  -- 김재윤 → 삼성
(57,   3, '2026-01-15', NULL),  -- 이재원 → LG
(61,  10, '2026-01-15', NULL),  -- 안치홍 → 키움
(82,   4, '2026-01-15', NULL),  -- 손아섭 → 두산
(83,   4, '2026-01-15', NULL),  -- 양의지 → 두산
(95,   8, '2026-01-15', NULL),  -- 이원석 → 한화
(96,   6, '2026-01-15', NULL);  -- 이지영 → SSG


-- =====================================================
-- 선수-팀 계약 데이터 (PLR_TM_CNTRCT)
-- FA_AMT 단위: 만원
-- REPR_POSN_CD: 10=투수 20=포수 21=내야수 22=외야수
-- =====================================================
INSERT INTO PLR_TM_CNTRCT (PLR_ID, TM_ID, FA_CNTRCT_BGNG_DT, FA_AMT, FA_CNTRCT_END_DT, REPR_POSN_CD) VALUES
-- KIA
( 1, 1, '2023-01-01', 150000, '2025-12-31', '10'),
( 2, 1, '2024-01-01',  10000, '2026-12-31', '21'),
( 3, 1, '2022-01-01',  50000, '2024-12-31', '22'),
( 4, 1, '2022-01-01',  30000, '2024-12-31', '22'),
( 5, 1, '2024-01-01',  25000, '2025-12-31', '22'),
( 6, 1, '2024-01-01',   5000, '2026-12-31', '10'),
( 7, 1, '2024-01-01',  10000, '2026-12-31', '21'),
( 8, 1, '2024-01-01',   8000, '2026-12-31', '21'),
( 9, 1, '2024-01-01',   7000, '2026-12-31', '20'),
(10, 1, '2023-01-01',  12000, '2025-12-31', '10'),
-- 삼성
(11, 2, '2023-01-01',  25000, '2025-12-31', '10'),
(12, 2, '2022-01-01',  40000, '2024-12-31', '22'),
(13, 2, '2024-01-01',   6000, '2026-12-31', '21'),
(14, 2, '2022-01-01',  20000, '2024-12-31', '20'),
(15, 2, '2022-01-01',  15000, '2024-12-31', '21'),
(16, 2, '2023-01-01',  10000, '2025-12-31', '22'),
(17, 2, '2022-01-01',  20000, '2024-12-31', '10'),
(18, 2, '2024-01-01',   8000, '2026-12-31', '10'),
(19, 2, '2024-01-01',   9000, '2026-12-31', '21'),
(20, 2, '2024-01-01',   5000, '2026-12-31', '22'),
-- LG
(21, 3, '2023-01-01',  20000, '2025-12-31', '10'),
(22, 3, '2022-01-01',  25000, '2024-12-31', '21'),
(23, 3, '2022-01-01',  15000, '2024-12-31', '22'),
(24, 3, '2024-01-01',   8000, '2026-12-31', '21'),
(25, 3, '2023-01-01',  18000, '2025-12-31', '22'),
(26, 3, '2024-01-01',  25000, '2025-12-31', '21'),
(27, 3, '2022-01-01',  20000, '2024-12-31', '20'),
(28, 3, '2023-01-01',  15000, '2025-12-31', '10'),
(29, 3, '2024-01-01',  22000, '2025-12-31', '10'),
(30, 3, '2024-01-01',   5000, '2026-12-31', '21'),
-- 두산
(31, 4, '2023-01-01',  20000, '2025-12-31', '10'),
(32, 4, '2022-01-01',  25000, '2024-12-31', '21'),
(33, 4, '2022-01-01',  20000, '2024-12-31', '21'),
(34, 4, '2024-01-01',   5000, '2026-12-31', '21'),
(35, 4, '2023-01-01',  15000, '2025-12-31', '22'),
(36, 4, '2024-01-01',   8000, '2026-12-31', '20'),
(37, 4, '2024-01-01',   7000, '2026-12-31', '10'),
(38, 4, '2024-01-01',  28000, '2025-12-31', '10'),
(39, 4, '2024-01-01',   5000, '2026-12-31', '22'),
(40, 4, '2023-01-01',  12000, '2025-12-31', '22'),
-- KT
(41, 5, '2022-01-01',  30000, '2024-12-31', '10'),
(42, 5, '2023-01-01',  25000, '2025-12-31', '21'),
(43, 5, '2022-01-01',  20000, '2024-12-31', '21'),
(44, 5, '2024-01-01',   8000, '2026-12-31', '21'),
(45, 5, '2024-01-01',  10000, '2026-12-31', '22'),
(46, 5, '2024-01-01',  30000, '2025-12-31', '22'),
(47, 5, '2023-01-01',  12000, '2025-12-31', '10'),
(48, 5, '2023-01-01',  15000, '2025-12-31', '10'),
(49, 5, '2022-01-01',  10000, '2024-12-31', '21'),
(50, 5, '2023-01-01',  12000, '2025-12-31', '20'),
-- SSG
(51, 6, '2022-01-01', 100000, '2024-12-31', '10'),
(52, 6, '2024-01-01',  10000, '2026-12-31', '22'),
(53, 6, '2024-01-01',  12000, '2026-12-31', '22'),
(54, 6, '2022-01-01',  40000, '2024-12-31', '21'),
(55, 6, '2024-01-01',   8000, '2026-12-31', '21'),
(56, 6, '2023-01-01',   8000, '2025-12-31', '21'),
(57, 6, '2022-01-01',  12000, '2024-12-31', '20'),
(58, 6, '2024-01-01',  10000, '2026-12-31', '10'),
(59, 6, '2023-01-01',  15000, '2025-12-31', '10'),
(60, 6, '2024-01-01',  28000, '2025-12-31', '22'),
-- 롯데
(61, 7, '2022-01-01',  30000, '2024-12-31', '21'),
(62, 7, '2022-01-01',  25000, '2024-12-31', '22'),
(63, 7, '2024-01-01',  10000, '2026-12-31', '21'),
(64, 7, '2023-01-01',  15000, '2025-12-31', '10'),
(65, 7, '2024-01-01',   5000, '2026-12-31', '22'),
(66, 7, '2024-01-01',   7000, '2026-12-31', '21'),
(67, 7, '2023-01-01',  12000, '2025-12-31', '20'),
(68, 7, '2023-01-01',  15000, '2025-12-31', '10'),
(69, 7, '2024-01-01',  25000, '2025-12-31', '22'),
(70, 7, '2024-01-01',   8000, '2026-12-31', '10'),
-- 한화
(71, 8, '2024-01-01', 100000, '2025-12-31', '10'),
(72, 8, '2024-01-01',  12000, '2026-12-31', '21'),
(73, 8, '2022-01-01',  20000, '2024-12-31', '22'),
(74, 8, '2024-01-01',   6000, '2026-12-31', '21'),
(75, 8, '2024-01-01',   4000, '2026-12-31', '21'),
(76, 8, '2022-01-01',  15000, '2024-12-31', '20'),
(77, 8, '2024-01-01',   5000, '2026-12-31', '10'),
(78, 8, '2024-01-01',   6000, '2026-12-31', '10'),
(79, 8, '2024-01-01',  22000, '2025-12-31', '10'),
(80, 8, '2024-01-01',  25000, '2025-12-31', '21'),
-- NC
(81, 9, '2022-01-01',  25000, '2024-12-31', '21'),
(82, 9, '2022-01-01',  30000, '2024-12-31', '22'),
(83, 9, '2022-01-01',  60000, '2024-12-31', '20'),
(84, 9, '2024-01-01',   8000, '2026-12-31', '10'),
(85, 9, '2023-01-01',  18000, '2025-12-31', '22'),
(86, 9, '2024-01-01',   4000, '2026-12-31', '22'),
(87, 9, '2023-01-01',  12000, '2025-12-31', '10'),
(88, 9, '2024-01-01',   8000, '2026-12-31', '10'),
(89, 9, '2024-01-01',  28000, '2025-12-31', '21'),
(90, 9, '2024-01-01',   6000, '2026-12-31', '21'),
-- 키움
( 91, 10, '2024-01-01',  15000, '2026-12-31', '10'),
( 92, 10, '2024-01-01',   6000, '2026-12-31', '22'),
( 93, 10, '2023-01-01',  15000, '2025-12-31', '21'),
( 94, 10, '2023-01-01',  10000, '2025-12-31', '21'),
( 95, 10, '2024-01-01',   8000, '2026-12-31', '22'),
( 96, 10, '2022-01-01',  15000, '2024-12-31', '20'),
( 97, 10, '2024-01-01',  28000, '2025-12-31', '21'),
( 98, 10, '2024-01-01',   4000, '2026-12-31', '10'),
( 99, 10, '2023-01-01',  10000, '2025-12-31', '10'),
(100, 10, '2024-01-01',   4000, '2026-12-31', '21');

-- =====================================================
-- 선수 기본 데이터 V18: 2025 시즌 KBO 선수 (PLR_ID: 101~)
-- 타자: PA >= 100, 투수: IP >= 20
-- V7 PLR_ID 1-100 선수 제외
-- =====================================================

-- ─── PLR (선수 기본 정보) ────────────────────────────────────────────────────
INSERT INTO PLR (PLR_ID, PLR_NM, PLR_ENG_NM, PLR_HGT, PLR_WGT, PLR_BRTH_LOC, PLR_HS_NM, PLR_DRFT_RND, PLR_DRFT_NO, PLR_BAT_PTCH_HAND_CD, PLR_ANSL_SAL, PLR_NTNLT, PLR_FRGN_YN, PLR_STTS_CD, PLR_OVRL_ABLT, PLR_POT_ABLT, TM_ID) VALUES
(101, '고종욱', NULL, NULL, NULL, NULL, '경기고', 3, 19, 'RL', 20000, '대한민국', '0', 'AT', 54, 54, 1),
(102, '김규성', NULL, NULL, NULL, NULL, '선린고', 7, 63, 'RL', 3000, '대한민국', '0', 'AT', 38, 39, 1),
(103, '김석환', NULL, NULL, NULL, NULL, '광주동성고', 3, 24, 'LL', 3000, '대한민국', '0', 'AT', 33, 35, 1),
(104, '김선빈', NULL, NULL, NULL, NULL, '화순고', 6, 43, 'RR', 150000, '대한민국', '0', 'AT', 52, 52, 1),
(105, '김태군', NULL, NULL, NULL, NULL, '부산고', 3, 17, 'RR', 20000, '대한민국', '0', 'AT', 41, 41, 1),
(106, '김호령', NULL, NULL, NULL, NULL, '군산상고', 10, 102, 'RR', 20000, '대한민국', '0', 'AT', 48, 48, 1),
(107, '박민', NULL, NULL, NULL, NULL, '야탑고', 1, 6, 'RR', 3000, '대한민국', '0', 'AT', 31, 34, 1),
(108, '변우혁', NULL, NULL, NULL, NULL, '북일고', NULL, NULL, 'RR', 5000, '대한민국', '0', 'AT', 36, 38, 1),
(109, '오선우', NULL, NULL, NULL, NULL, '배명고', 5, 50, 'LL', 3000, '대한민국', '0', 'AT', 38, 38, 1),
(110, '위즈덤', NULL, NULL, NULL, NULL, NULL, NULL, NULL, 'RR', 10000, NULL, '1', 'AT', 49, 49, 1),
(111, '윤도현', NULL, NULL, NULL, NULL, '광주제일고', 2, 15, 'RR', 5000, '대한민국', '0', 'AT', 52, 56, 1),
(112, '이창진', NULL, NULL, NULL, NULL, '인천고', 6, 60, 'RR', 20000, '대한민국', '0', 'AT', 37, 37, 1),
(113, '김건국', NULL, NULL, NULL, NULL, '덕수정보고', 1, 6, 'RR', 5000, '대한민국', '0', 'AT', 46, 46, 1),
(114, '김기훈', NULL, NULL, NULL, NULL, '광주동성고', NULL, NULL, 'LL', 5000, '대한민국', '0', 'AT', 40, 42, 1),
(115, '김도현', NULL, NULL, NULL, NULL, '신일고', 4, 33, 'RR', 10000, '대한민국', '0', 'AT', 40, 42, 1),
(116, '김태형', NULL, NULL, NULL, NULL, '덕수고', 1, 5, 'RR', 5000, '대한민국', '0', 'AT', 39, 44, 1),
(117, '네일', NULL, NULL, NULL, NULL, NULL, NULL, NULL, 'RR', 40000, NULL, '1', 'AT', 65, 65, 1),
(118, '성영탁', NULL, NULL, NULL, NULL, '부산고', 10, 96, 'RR', 5000, '대한민국', '0', 'AT', 51, 55, 1),
(119, '올러', NULL, NULL, NULL, NULL, NULL, NULL, NULL, 'RR', 10000, NULL, '1', 'AT', 70, 70, 1),
(120, '윤영철', NULL, NULL, NULL, NULL, '충암고', 1, 2, 'LL', 10000, '대한민국', '0', 'AT', 46, 50, 1),
(121, '이준영', NULL, NULL, NULL, NULL, '군산상고', 4, 42, 'LL', 5000, '대한민국', '0', 'AT', 53, 53, 1),
(122, '전상현', NULL, NULL, NULL, NULL, '상원고', 4, 38, 'RR', 20000, '대한민국', '0', 'AT', 62, 62, 1),
(123, '조상우', NULL, NULL, NULL, NULL, '대전고', 1, 1, 'RR', 40000, '대한민국', '0', 'AT', 64, 64, 1),
(124, '최지민', NULL, NULL, NULL, NULL, '강릉고', 1, 5, 'LL', 5000, '대한민국', '0', 'AT', 41, 45, 1),
(125, '황동하', NULL, NULL, NULL, NULL, '인상고', 7, 65, 'RR', 5000, '대한민국', '0', 'AT', 48, 51, 1),
(126, '김성윤', NULL, NULL, NULL, NULL, '포철공고', 4, 39, 'LL', 20000, '대한민국', '0', 'AT', 59, 61, 2),
(127, '김영웅', NULL, NULL, NULL, NULL, '물금고', 1, 3, 'RL', 20000, '대한민국', '0', 'AT', 49, 53, 2),
(128, '디아즈', NULL, NULL, NULL, NULL, NULL, NULL, NULL, 'LL', 20000, NULL, '1', 'AT', 58, 58, 2),
(129, '박승규', NULL, NULL, NULL, NULL, '경기고', 9, 82, 'RR', 5000, '대한민국', '0', 'AT', 46, 48, 2),
(130, '양도근', NULL, NULL, NULL, NULL, '장안고', NULL, NULL, 'RR', 5000, '대한민국', '0', 'AT', 40, 44, 2),
(131, '이성규', NULL, NULL, NULL, NULL, '광주동성고', 4, 31, 'RR', 5000, '대한민국', '0', 'AT', 44, 44, 2),
(132, '가라비토', NULL, NULL, NULL, NULL, NULL, NULL, NULL, 'RR', 10000, NULL, '1', 'AT', 64, 64, 2),
(133, '김대호', NULL, NULL, NULL, NULL, '고려대', NULL, NULL, 'RR', 5000, '대한민국', '0', 'AT', 42, 45, 2),
(134, '김태훈', NULL, NULL, NULL, NULL, '부경고', 9, 79, 'RR', 3000, '대한민국', '0', 'AT', 56, 56, 2),
(135, '레예스', NULL, NULL, NULL, NULL, NULL, NULL, NULL, 'RR', 20000, NULL, '1', 'AT', 56, 56, 2),
(136, '배찬승', NULL, NULL, NULL, NULL, '대구고', 1, 3, 'LL', 5000, '대한민국', '0', 'AT', 60, 65, 2),
(137, '백정현', NULL, NULL, NULL, NULL, '상원고', 1, 8, 'LL', 80000, '대한민국', '0', 'AT', 52, 52, 2),
(138, '양창섭', NULL, NULL, NULL, NULL, '덕수고', 1, 2, 'RR', 10000, '대한민국', '0', 'AT', 42, 44, 2),
(139, '육선엽', NULL, NULL, NULL, NULL, '장충고', 1, 4, 'RR', 5000, '대한민국', '0', 'AT', 32, 37, 2),
(140, '이승민', NULL, NULL, NULL, NULL, '대구고', 4, 35, 'LL', 5000, '대한민국', '0', 'AT', 45, 47, 2),
(141, '이승현', NULL, NULL, NULL, NULL, '상원고', NULL, NULL, 'LL', 10000, '대한민국', '0', 'AT', 49, 52, 2),
(142, '이호성', NULL, NULL, NULL, NULL, '인천고', 1, 8, 'RR', 5000, '대한민국', '0', 'AT', 57, 61, 2),
(143, '최원태', NULL, NULL, NULL, NULL, '서울고', NULL, NULL, 'RR', 80000, '대한민국', '0', 'AT', 52, 53, 2),
(144, '황동재', NULL, NULL, NULL, NULL, '경북고', NULL, NULL, 'RR', 3000, '대한민국', '0', 'AT', 47, 50, 2),
(145, '후라도', NULL, NULL, NULL, NULL, NULL, NULL, NULL, 'RR', 40000, NULL, '1', 'AT', 62, 62, 2),
(146, '구본혁', NULL, NULL, NULL, NULL, '장충고', 6, 55, 'RR', 10000, '대한민국', '0', 'AT', 45, 46, 3),
(147, '김현수', NULL, NULL, NULL, NULL, '신일고', NULL, NULL, 'RL', 300000, '대한민국', '0', 'AT', 51, 51, 3),
(148, '문성주', NULL, NULL, NULL, NULL, '경북고', 10, 97, 'LL', 40000, '대한민국', '0', 'AT', 50, 51, 3),
(149, '송찬의', NULL, NULL, NULL, NULL, '선린고', 7, 67, 'RR', 5000, '대한민국', '0', 'AT', 39, 41, 3),
(150, '오스틴', NULL, NULL, NULL, NULL, NULL, NULL, NULL, 'RR', 40000, NULL, '1', 'AT', 61, 61, 3);

INSERT INTO PLR (PLR_ID, PLR_NM, PLR_ENG_NM, PLR_HGT, PLR_WGT, PLR_BRTH_LOC, PLR_HS_NM, PLR_DRFT_RND, PLR_DRFT_NO, PLR_BAT_PTCH_HAND_CD, PLR_ANSL_SAL, PLR_NTNLT, PLR_FRGN_YN, PLR_STTS_CD, PLR_OVRL_ABLT, PLR_POT_ABLT, TM_ID) VALUES
(151, '이주헌', NULL, NULL, NULL, NULL, '성남고', 3, 27, 'RR', 5000, '대한민국', '0', 'AT', 39, 43, 3),
(152, '최원영', NULL, NULL, NULL, NULL, '부산고', 6, 57, 'RR', 5000, '대한민국', '0', 'AT', 48, 52, 3),
(153, '김영우', NULL, NULL, NULL, NULL, '서울고', 1, 10, 'RR', 5000, '대한민국', '0', 'AT', 58, 63, 3),
(154, '김진성', NULL, NULL, NULL, NULL, '성남서고', 6, 42, 'RR', 40000, '대한민국', '0', 'AT', 67, 67, 3),
(155, '박명근', NULL, NULL, NULL, NULL, '라온고', 3, 27, 'RR', 5000, '대한민국', '0', 'AT', 45, 49, 3),
(156, '백승현', NULL, NULL, NULL, NULL, '인천고', 3, 30, 'RR', 5000, '대한민국', '0', 'AT', 39, 39, 3),
(157, '손주영', NULL, NULL, NULL, NULL, '경남고', 1, 2, 'LL', 20000, '대한민국', '0', 'AT', 53, 54, 3),
(158, '송승기', NULL, NULL, NULL, NULL, '야탑고', 9, 87, 'LL', 10000, '대한민국', '0', 'AT', 58, 61, 3),
(159, '에르난데스', NULL, NULL, NULL, NULL, NULL, NULL, NULL, 'RR', 10000, NULL, '1', 'AT', 67, 67, 3),
(160, '유영찬', NULL, NULL, NULL, NULL, '배명고', 5, 43, 'RR', 10000, '대한민국', '0', 'AT', 60, 61, 3),
(161, '이지강', NULL, NULL, NULL, NULL, '소래고', 9, 85, 'RR', 5000, '대한민국', '0', 'AT', 44, 46, 3),
(162, '장현식', NULL, NULL, NULL, NULL, '서울고', 1, 9, 'RR', 20000, '대한민국', '0', 'AT', 53, 53, 3),
(163, '최채흥', NULL, NULL, NULL, NULL, '상원고', NULL, NULL, 'LL', 20000, '대한민국', '0', 'AT', 50, 50, 3),
(164, '치리노스', NULL, NULL, NULL, NULL, NULL, NULL, NULL, 'RR', 20000, NULL, '1', 'AT', 59, 59, 3),
(165, '코엔 윈', NULL, NULL, NULL, NULL, NULL, NULL, NULL, 'RR', 3000, '대한민국', '0', 'AT', 38, 40, 3),
(166, '톨허스트', NULL, NULL, NULL, NULL, NULL, NULL, NULL, 'RR', 5000, NULL, '1', 'AT', 66, 68, 3),
(167, '함덕주', NULL, NULL, NULL, NULL, '원주고', 5, 43, 'LL', 40000, '대한민국', '0', 'AT', 58, 58, 3),
(168, '김기연', NULL, NULL, NULL, NULL, '진흥고', 4, 34, 'RR', 5000, '대한민국', '0', 'AT', 38, 39, 4),
(169, '김동준', NULL, NULL, NULL, NULL, '군산상고', 1, 9, 'LL', 3000, '대한민국', '0', 'AT', 34, 37, 4),
(170, '김민석', NULL, NULL, NULL, NULL, '휘문고', 1, 3, 'RL', 5000, '대한민국', '0', 'AT', 32, 36, 4),
(171, '김인태', NULL, NULL, NULL, NULL, '북일고', 1, 4, 'LL', 20000, '대한민국', '0', 'AT', 36, 36, 4),
(172, '김재환', NULL, NULL, NULL, NULL, '인천고', 1, 4, 'RL', 150000, '대한민국', '0', 'AT', 47, 47, 6),  -- 2026 SSG 이적
(173, '박준순', NULL, NULL, NULL, NULL, '덕수고', 1, 6, 'RR', 3000, '대한민국', '0', 'AT', 52, 57, 4),
(174, '박준영', NULL, NULL, NULL, NULL, '경기고', NULL, NULL, 'RR', 10000, '대한민국', '0', 'AT', 41, 42, 4),
(175, '안재석', NULL, NULL, NULL, NULL, '서울고', NULL, NULL, 'RL', 10000, '대한민국', '0', 'AT', 50, 53, 4),
(176, '오명진', NULL, NULL, NULL, NULL, '북일고', 6, 59, 'RL', 5000, '대한민국', '0', 'AT', 41, 44, 4),
(177, '이유찬', NULL, NULL, NULL, NULL, '북일고', 5, 50, 'RR', 10000, '대한민국', '0', 'AT', 45, 46, 4),
(178, '조수행', NULL, NULL, NULL, NULL, '강릉고', 1, 5, 'RL', 10000, '대한민국', '0', 'AT', 44, 44, 4),
(179, '케이브', NULL, NULL, NULL, NULL, NULL, NULL, NULL, 'LL', 10000, NULL, '1', 'AT', 57, 57, 4),
(180, '고효준', NULL, NULL, NULL, NULL, '세광고', 1, 6, 'LL', 10000, '대한민국', '0', 'AT', 51, 51, 4),
(181, '김정우', NULL, NULL, NULL, NULL, '동산고', NULL, NULL, 'RR', 3000, '대한민국', '0', 'AT', 36, 38, 4),
(182, '김택연', NULL, NULL, NULL, NULL, '인천고', 1, 2, 'RR', 10000, '대한민국', '0', 'AT', 66, 71, 4),
(183, '박신지', NULL, NULL, NULL, NULL, '경기고', 1, 10, 'RR', 5000, '대한민국', '0', 'AT', 39, 41, 4),
(184, '박정수', NULL, NULL, NULL, NULL, '야탑고', 7, 65, 'RL', 5000, '대한민국', '0', 'AT', 45, 45, 4),
(185, '박치국', NULL, NULL, NULL, NULL, '제물포고', 1, 10, 'RR', 10000, '대한민국', '0', 'AT', 56, 57, 4),
(186, '양재훈', NULL, NULL, NULL, NULL, '개성고', 7, 66, 'RR', 5000, '대한민국', '0', 'AT', 57, 61, 4),
(187, '이영하', NULL, NULL, NULL, NULL, '선린고', NULL, NULL, 'RR', 20000, '대한민국', '0', 'AT', 48, 49, 4),
(188, '잭로그', NULL, NULL, NULL, NULL, NULL, NULL, NULL, 'LL', 20000, NULL, '1', 'AT', 63, 63, 4),
(189, '최민석', NULL, NULL, NULL, NULL, '서울고', 2, 16, 'RR', 5000, '대한민국', '0', 'AT', 46, 51, 4),
(190, '최승용', NULL, NULL, NULL, NULL, '소래고', 2, 20, 'LL', 10000, '대한민국', '0', 'AT', 46, 49, 4),
(191, '최지강', NULL, NULL, NULL, NULL, '광주동성고', NULL, NULL, 'RL', 5000, '대한민국', '0', 'AT', 54, 57, 4),
(192, '콜어빈', NULL, NULL, NULL, NULL, NULL, NULL, NULL, 'LL', 10000, NULL, '1', 'AT', 50, 50, 4),
(193, '홍민규', NULL, NULL, NULL, NULL, '야탑고', 3, 26, 'RL', 5000, '대한민국', '0', 'AT', 37, 42, 4),
(194, '권동진', NULL, NULL, NULL, NULL, '세광고', 1, 5, 'RL', 5000, '대한민국', '0', 'AT', 37, 38, 5),
(195, '김민혁', NULL, NULL, NULL, NULL, '배재고', 6, 56, 'RL', 5000, '대한민국', '0', 'AT', 43, 43, 5),
(196, '김상수', NULL, NULL, NULL, NULL, '경북고', NULL, NULL, 'RR', 80000, '대한민국', '0', 'AT', 50, 50, 5),
(197, '문상철', NULL, NULL, NULL, NULL, '고려대', NULL, 11, 'RR', 5000, '대한민국', '0', 'AT', 41, 41, 5),
(198, '스티븐슨', NULL, NULL, NULL, NULL, NULL, NULL, NULL, 'LL', 5000, NULL, '1', 'AT', 46, 46, 5),
(199, '안현민', NULL, NULL, NULL, NULL, '마산고', 4, 38, 'RR', 20000, '대한민국', '0', 'AT', 62, 66, 5),
(200, '오윤석', NULL, NULL, NULL, NULL, '경기고', NULL, NULL, 'RR', 20000, '대한민국', '0', 'AT', 40, 40, 5);

INSERT INTO PLR (PLR_ID, PLR_NM, PLR_ENG_NM, PLR_HGT, PLR_WGT, PLR_BRTH_LOC, PLR_HS_NM, PLR_DRFT_RND, PLR_DRFT_NO, PLR_BAT_PTCH_HAND_CD, PLR_ANSL_SAL, PLR_NTNLT, PLR_FRGN_YN, PLR_STTS_CD, PLR_OVRL_ABLT, PLR_POT_ABLT, TM_ID) VALUES
(201, '이정훈', NULL, NULL, NULL, NULL, '휘문고', 10, 94, 'RL', 3000, '대한민국', '0', 'AT', 36, 36, 5),
(202, '장준원', NULL, NULL, NULL, NULL, '경남고', 2, 23, 'RR', 5000, '대한민국', '0', 'AT', 35, 35, 5),
(203, '장진혁', NULL, NULL, NULL, NULL, '광주제일고', 4, 39, 'RL', 3000, '대한민국', '0', 'AT', 43, 43, 5),
(204, '김민수', NULL, NULL, NULL, NULL, '청원고', NULL, 11, 'RR', 20000, '대한민국', '0', 'AT', 55, 55, 5),
(205, '문용익', NULL, NULL, NULL, NULL, '청원고', 6, 59, 'RR', 5000, '대한민국', '0', 'AT', 45, 45, 5),
(206, '박영현', NULL, NULL, NULL, NULL, '유신고', NULL, NULL, 'RR', 20000, '대한민국', '0', 'AT', 70, 74, 5),
(207, '배제성', NULL, NULL, NULL, NULL, '성남고', 9, 88, 'RL', 40000, '대한민국', '0', 'AT', 46, 46, 5),
(208, '소형준', NULL, NULL, NULL, NULL, '유신고', NULL, NULL, 'RR', 40000, '대한민국', '0', 'AT', 55, 58, 5),
(209, '손동현', NULL, NULL, NULL, NULL, '성남고', 3, 21, 'RL', 10000, '대한민국', '0', 'AT', 51, 54, 5),
(210, '오원석', NULL, NULL, NULL, NULL, '야탑고', NULL, NULL, 'LL', 20000, '대한민국', '0', 'AT', 49, 52, 5),
(211, '우규민', NULL, NULL, NULL, NULL, '휘문고', 3, 19, 'RR', 80000, '대한민국', '0', 'AT', 50, 50, 5),
(212, '원상현', NULL, NULL, NULL, NULL, '부산고', 1, 7, 'RR', 5000, '대한민국', '0', 'AT', 49, 53, 5),
(213, '이상동', NULL, NULL, NULL, NULL, '경북고', 4, 31, 'RR', 5000, '대한민국', '0', 'AT', 57, 57, 5),
(214, '주권', NULL, NULL, NULL, NULL, '청주고', NULL, NULL, 'RR', 20000, '대한민국', '0', 'AT', 42, 42, 5),
(215, '쿠에바스', NULL, NULL, NULL, NULL, '베네수엘라 Universidad De Carabobo(대)', NULL, NULL, 'RR', 80000, '대한민국', '0', 'AT', 56, 56, 5),
(216, '패트릭', NULL, NULL, NULL, NULL, NULL, NULL, NULL, 'RR', 5000, NULL, '1', 'AT', 50, 50, 5),
(217, '고명준', NULL, NULL, NULL, NULL, '세광고', 2, 18, 'RR', 3000, '대한민국', '0', 'AT', 44, 47, 6),
(218, '김성욱', NULL, NULL, NULL, NULL, '진흥고', 3, 32, 'RR', 10000, '대한민국', '0', 'AT', 46, 46, 6),
(219, '김성현', NULL, NULL, NULL, NULL, '광주제일고', 3, 20, 'RR', 40000, '대한민국', '0', 'AT', 41, 41, 6),
(220, '류효승', NULL, NULL, NULL, NULL, '상원고', 6, 60, 'RR', 5000, '대한민국', '0', 'AT', 47, 47, 6),
(221, '안상현', NULL, NULL, NULL, NULL, '용마고', 3, 26, 'RR', 3000, '대한민국', '0', 'AT', 46, 47, 6),
(222, '에레디아', NULL, NULL, NULL, NULL, NULL, NULL, NULL, 'LR', 40000, NULL, '1', 'AT', 54, 54, 6),
(223, '정준재', NULL, NULL, NULL, NULL, '강릉고', 5, 50, 'RL', 10000, '대한민국', '0', 'AT', 45, 49, 6),
(224, '조형우', NULL, NULL, NULL, NULL, '광주제일고', 1, 8, 'RR', 5000, '대한민국', '0', 'AT', 35, 38, 6),
(225, '최준우', NULL, NULL, NULL, NULL, '장충고', 4, 35, 'RL', 3000, '대한민국', '0', 'AT', 33, 35, 6),
(226, '김건우', NULL, NULL, NULL, NULL, '제물포고', NULL, NULL, 'LL', 5000, '대한민국', '0', 'AT', 47, 50, 6),
(227, '김민', NULL, NULL, NULL, NULL, '유신고', NULL, NULL, 'RR', 20000, '대한민국', '0', 'AT', 53, 55, 6),
(228, '김택형', NULL, NULL, NULL, NULL, '동산고', 2, 18, 'LL', 10000, '대한민국', '0', 'AT', 50, 50, 6),
(229, '박기호', NULL, NULL, NULL, NULL, '청주고', 3, 30, 'RR', 5000, '대한민국', '0', 'AT', 28, 33, 6),
(230, '박시후', NULL, NULL, NULL, NULL, '인천고', 10, 100, 'LL', 5000, '대한민국', '0', 'AT', 41, 44, 6),
(231, '송영진', NULL, NULL, NULL, NULL, '대전고', 2, 15, 'RS', 5000, '대한민국', '0', 'AT', 42, 46, 6),
(232, '앤더슨', NULL, NULL, NULL, NULL, NULL, NULL, NULL, 'RR', 20000, NULL, '1', 'AT', 69, 69, 6),
(233, '이로운', NULL, NULL, NULL, NULL, '대구고', 1, 5, 'RR', 10000, '대한민국', '0', 'AT', 55, 59, 6),
(234, '전영준', NULL, NULL, NULL, NULL, '대구고', 9, 82, 'RR', 5000, '대한민국', '0', 'AT', 60, 63, 6),
(235, '조병현', NULL, NULL, NULL, NULL, '세광고', 3, 28, 'RR', 20000, '대한민국', '0', 'AT', 70, 73, 6),
(236, '최민준', NULL, NULL, NULL, NULL, '경남고', 2, 15, 'RR', 5000, '대한민국', '0', 'AT', 47, 49, 6),
(237, '한두솔', NULL, NULL, NULL, NULL, '광주제일고', NULL, NULL, 'LL', 5000, '대한민국', '0', 'AT', 52, 53, 6),
(238, '화이트', NULL, NULL, NULL, NULL, NULL, NULL, NULL, 'RR', 10000, NULL, '1', 'AT', 66, 66, 6),
(239, '김동혁', NULL, NULL, NULL, NULL, '제물포고', 7, 64, 'LL', 5000, '대한민국', '0', 'AT', 41, 43, 7),
(240, '김민성', NULL, NULL, NULL, NULL, '덕수정보고', 2, 13, 'RR', 80000, '대한민국', '0', 'AT', 43, 43, 7),
(241, '나승엽', NULL, NULL, NULL, NULL, '덕수고', 2, 11, 'RL', 5000, '대한민국', '0', 'AT', 42, 45, 7),
(242, '레이예스', NULL, NULL, NULL, NULL, NULL, NULL, NULL, 'RS', 20000, NULL, '1', 'AT', 56, 56, 7),
(243, '박찬형', NULL, NULL, NULL, NULL, '배재고', NULL, NULL, 'RL', 5000, '대한민국', '0', 'AT', 53, 56, 7),
(244, '손호영', NULL, NULL, NULL, NULL, '충훈고', 3, 23, 'RR', 5000, '대한민국', '0', 'AT', 49, 49, 7),
(245, '이호준', NULL, NULL, NULL, NULL, '상원고', 3, 23, 'RL', 5000, '대한민국', '0', 'AT', 48, 52, 7),
(246, '장두성', NULL, NULL, NULL, NULL, '동산고', 10, 93, 'RL', 5000, '대한민국', '0', 'AT', 43, 45, 7),
(247, '전민재', NULL, NULL, NULL, NULL, '대전고', 4, 40, 'RR', 5000, '대한민국', '0', 'AT', 44, 46, 7),
(248, '정보근', NULL, NULL, NULL, NULL, '경남고', 9, 83, 'RR', 3000, '대한민국', '0', 'AT', 31, 33, 7),
(249, '정훈', NULL, NULL, NULL, NULL, '용마고', NULL, NULL, 'RR', 40000, '대한민국', '0', 'AT', 41, 41, 7),
(250, '한태양', NULL, NULL, NULL, NULL, '덕수고', 6, 54, 'RR', 5000, '대한민국', '0', 'AT', 39, 43, 7);

INSERT INTO PLR (PLR_ID, PLR_NM, PLR_ENG_NM, PLR_HGT, PLR_WGT, PLR_BRTH_LOC, PLR_HS_NM, PLR_DRFT_RND, PLR_DRFT_NO, PLR_BAT_PTCH_HAND_CD, PLR_ANSL_SAL, PLR_NTNLT, PLR_FRGN_YN, PLR_STTS_CD, PLR_OVRL_ABLT, PLR_POT_ABLT, TM_ID) VALUES
(251, '황성빈', NULL, NULL, NULL, NULL, '소래고', 5, 44, 'RL', 10000, '대한민국', '0', 'AT', 50, 51, 7),
(252, '감보아', NULL, NULL, NULL, NULL, NULL, NULL, NULL, 'LS', 10000, NULL, '1', 'AT', 65, 66, 7),
(253, '김진욱', NULL, NULL, NULL, NULL, '강릉고', 1, 1, 'LL', 5000, '대한민국', '0', 'AT', 48, 51, 7),
(254, '박세웅', NULL, NULL, NULL, NULL, '경북고', NULL, NULL, 'RR', 3000, '대한민국', '0', 'AT', 56, 56, 7),
(255, '박진', NULL, NULL, NULL, NULL, '부산고', 4, 38, 'RR', 5000, '대한민국', '0', 'AT', 52, 54, 7),
(256, '반즈', NULL, NULL, NULL, NULL, '미국 Clemson(대)', NULL, NULL, 'LL', 40000, '대한민국', '0', 'AT', 63, 63, 7),
(257, '벨라스케즈', NULL, NULL, NULL, NULL, NULL, NULL, NULL, 'RR', 3000, NULL, '1', 'AT', 45, 45, 7),
(258, '송재영', NULL, NULL, NULL, NULL, '라온고', 4, 31, 'LL', 3000, '대한민국', '0', 'AT', 49, 52, 7),
(259, '윤성빈', NULL, NULL, NULL, NULL, '부산고', NULL, NULL, 'RR', 5000, '대한민국', '0', 'AT', 57, 59, 7),
(260, '이민석', NULL, NULL, NULL, NULL, '개성고', NULL, NULL, 'RR', 5000, '대한민국', '0', 'AT', 40, 44, 7),
(261, '정철원', NULL, NULL, NULL, NULL, '안산공고', 2, 20, 'RR', 10000, '대한민국', '0', 'AT', 52, 54, 7),
(262, '정현수', NULL, NULL, NULL, NULL, '부산고', 2, 13, 'LL', 5000, '대한민국', '0', 'AT', 60, 63, 7),
(263, '최준용', NULL, NULL, NULL, NULL, '경남고', NULL, NULL, 'RR', 20000, '대한민국', '0', 'AT', 63, 66, 7),
(264, '홍민기', NULL, NULL, NULL, NULL, '대전고', 1, 4, 'LL', 5000, '대한민국', '0', 'AT', 65, 68, 7),
(265, '김태연', NULL, NULL, NULL, NULL, '야탑고', 6, 59, 'RR', 10000, '대한민국', '0', 'AT', 41, 42, 8),
(266, '리베라토', NULL, NULL, NULL, NULL, NULL, NULL, NULL, 'LL', 5000, '대한민국', '0', 'AT', 56, 56, 8),
(267, '심우준', NULL, NULL, NULL, NULL, '경기고', NULL, 14, 'RR', 20000, '대한민국', '0', 'AT', 48, 48, 8),
(268, '이도윤', NULL, NULL, NULL, NULL, '북일고', 3, 24, 'RL', 5000, '대한민국', '0', 'AT', 41, 41, 8),
(269, '이진영', NULL, NULL, NULL, NULL, '선린고', 6, 58, 'RR', 10000, '대한민국', '0', 'AT', 41, 42, 8),
(270, '최인호', NULL, NULL, NULL, NULL, '포철고', 6, 58, 'RL', 10000, '대한민국', '0', 'AT', 41, 43, 8),
(271, '플로리얼', NULL, NULL, NULL, NULL, NULL, NULL, NULL, 'RL', 5000, NULL, '1', 'AT', 57, 58, 8),
(272, '하주석', NULL, NULL, NULL, NULL, '신일고', 1, 1, 'RL', 20000, '대한민국', '0', 'AT', 47, 47, 8),
(273, '황영묵', NULL, NULL, NULL, NULL, '충훈고', 4, 31, 'RL', 5000, '대한민국', '0', 'AT', 42, 44, 8),
(274, '김범수', NULL, NULL, NULL, NULL, '북일고', NULL, NULL, 'LL', 10000, '대한민국', '0', 'AT', 52, 52, 8),
(275, '김서현', NULL, NULL, NULL, NULL, '서울고', 1, 1, 'RR', 10000, '대한민국', '0', 'AT', 59, 63, 8),
(276, '김종수', NULL, NULL, NULL, NULL, '울산공고', 8, 74, 'RR', 3000, '대한민국', '0', 'AT', 51, 51, 8),
(277, '와이스', NULL, NULL, NULL, NULL, NULL, NULL, NULL, 'RR', 20000, '대한민국', '0', 'AT', 69, 69, 8),
(278, '정우주', NULL, NULL, NULL, NULL, '전주고', 1, 2, 'RR', 5000, '대한민국', '0', 'AT', 64, 69, 8),
(279, '조동욱', NULL, NULL, NULL, NULL, '장충고', 2, 11, 'LL', 5000, '대한민국', '0', 'AT', 48, 52, 8),
(280, '주현상', NULL, NULL, NULL, NULL, '청주고', 7, 64, 'RR', 10000, '대한민국', '0', 'AT', 57, 57, 8),
(281, '폰세', NULL, NULL, NULL, NULL, NULL, NULL, NULL, 'RR', 20000, NULL, '1', 'AT', 73, 73, 8),
(282, '한승혁', NULL, NULL, NULL, NULL, '덕수고', 1, 8, 'RL', 3000, '대한민국', '0', 'AT', 52, 52, 5),  -- 2026 KT 이적
(283, '황준서', NULL, NULL, NULL, NULL, '장충고', 1, 1, 'LL', 5000, '대한민국', '0', 'AT', 53, 58, 8),
(284, '김주원', NULL, NULL, NULL, NULL, '유신고', 1, 6, 'RS', 40000, '대한민국', '0', 'AT', 54, 57, 9),
(285, '김휘집', NULL, NULL, NULL, NULL, '신일고', 1, 9, 'RR', 20000, '대한민국', '0', 'AT', 45, 48, 9),
(286, '데이비슨', NULL, NULL, NULL, NULL, NULL, NULL, NULL, 'RR', 20000, NULL, '1', 'AT', 52, 52, 9),
(287, '서호철', NULL, NULL, NULL, NULL, '효천고', 9, 87, 'RR', 10000, '대한민국', '0', 'AT', 40, 40, 9),
(288, '이우성', NULL, NULL, NULL, NULL, '대전고', 2, 15, 'RR', 5000, '대한민국', '0', 'AT', 44, 44, 9),
(289, '천재환', NULL, NULL, NULL, NULL, '고려대', NULL, NULL, 'RR', 3000, '대한민국', '0', 'AT', 49, 49, 9),
(290, '최원준', NULL, NULL, NULL, NULL, '서울고', 1, 3, 'RL', 20000, '대한민국', '0', 'AT', 52, 53, 9),
(291, '최정원', NULL, NULL, NULL, NULL, '청주고', 7, 67, 'RL', 10000, '대한민국', '0', 'AT', 47, 49, 9),
(292, '한석현', NULL, NULL, NULL, NULL, '경남고', 5, 48, 'LL', 3000, '대한민국', '0', 'AT', 40, 40, 9),
(293, '김녹원', NULL, NULL, NULL, NULL, '광주제일고', 3, 30, 'RR', 5000, '대한민국', '0', 'AT', 31, 35, 9),
(294, '김영규', NULL, NULL, NULL, NULL, '광주제일고', 8, 79, 'LL', 20000, '대한민국', '0', 'AT', 53, 55, 9),
(295, '김재열', NULL, NULL, NULL, NULL, '부산고', 7, 71, 'RR', 5000, '대한민국', '0', 'AT', 45, 45, 9),
(296, '김진호', NULL, NULL, NULL, NULL, '광주동성고', 2, 18, 'RR', 5000, '대한민국', '0', 'AT', 54, 55, 9),
(297, '라일리', NULL, NULL, NULL, NULL, NULL, NULL, NULL, 'RR', 10000, NULL, '1', 'AT', 70, 70, 9),
(298, '로건', NULL, NULL, NULL, NULL, NULL, NULL, NULL, 'LL', 10000, NULL, '1', 'AT', 56, 57, 9),
(299, '목지훈', NULL, NULL, NULL, NULL, '신일고', 4, 34, 'RR', 3000, '대한민국', '0', 'AT', 36, 40, 9),
(300, '배재환', NULL, NULL, NULL, NULL, '서울고', 1, 1, 'RR', 10000, '대한민국', '0', 'AT', 48, 48, 9);

INSERT INTO PLR (PLR_ID, PLR_NM, PLR_ENG_NM, PLR_HGT, PLR_WGT, PLR_BRTH_LOC, PLR_HS_NM, PLR_DRFT_RND, PLR_DRFT_NO, PLR_BAT_PTCH_HAND_CD, PLR_ANSL_SAL, PLR_NTNLT, PLR_FRGN_YN, PLR_STTS_CD, PLR_OVRL_ABLT, PLR_POT_ABLT, TM_ID) VALUES
(301, '손주환', NULL, NULL, NULL, NULL, '물금고', 6, 55, 'RR', 5000, '대한민국', '0', 'AT', 51, 54, 9),
(302, '신민혁', NULL, NULL, NULL, NULL, '야탑고', 5, 49, 'RR', 40000, '대한민국', '0', 'AT', 53, 55, 9),
(303, '이준혁', NULL, NULL, NULL, NULL, '율곡고', 1, 10, 'RL', 3000, '대한민국', '0', 'AT', 44, 48, 9),
(304, '전사민', NULL, NULL, NULL, NULL, '부산정보고', 2, 17, 'RR', 5000, '대한민국', '0', 'AT', 44, 46, 9),
(305, '최성영', NULL, NULL, NULL, NULL, '설악고', 2, 13, 'LL', 10000, '대한민국', '0', 'AT', 43, 44, 9),
(306, '김건희', NULL, NULL, NULL, NULL, '원주고', 1, 6, 'RR', 5000, '대한민국', '0', 'AT', 39, 43, 10),
(307, '김재현', NULL, NULL, NULL, NULL, '대전고', 8, 76, 'RR', 3000, '대한민국', '0', 'AT', 31, 31, 10),
(308, '김태진', NULL, NULL, NULL, NULL, '신일고', 4, 45, 'RL', 3000, '대한민국', '0', 'AT', 41, 41, 10),
(309, '박주홍', NULL, NULL, NULL, NULL, '장충고', NULL, NULL, 'LL', 3000, '대한민국', '0', 'AT', 40, 43, 10),
(310, '어준서', NULL, NULL, NULL, NULL, '경기고', 3, 21, 'RL', 3000, '대한민국', '0', 'AT', 39, 44, 10),
(311, '오선진', NULL, NULL, NULL, NULL, '성남고', 4, 26, 'RR', 3000, '대한민국', '0', 'AT', 38, 38, 10),
(312, '임병욱', NULL, NULL, NULL, NULL, '덕수고', NULL, NULL, 'RL', 10000, '대한민국', '0', 'AT', 48, 48, 10),
(313, '임지열', NULL, NULL, NULL, NULL, '덕수고', 2, 22, 'RR', 5000, '대한민국', '0', 'AT', 42, 42, 10),
(314, '전태현', NULL, NULL, NULL, NULL, '용마고', 5, 41, 'RL', 3000, '대한민국', '0', 'AT', 36, 41, 10),
(315, '주성원', NULL, NULL, NULL, NULL, '개성고', 3, 24, 'RR', 3000, '대한민국', '0', 'AT', 38, 40, 10),
(316, '최주환', NULL, NULL, NULL, NULL, '광주동성고', 6, 46, 'RL', 80000, '대한민국', '0', 'AT', 45, 45, 10),
(317, '카디네스', NULL, NULL, NULL, NULL, NULL, NULL, NULL, 'RR', 3000, NULL, '1', 'AT', 39, 40, 10),
(318, '푸이그', NULL, NULL, NULL, NULL, '쿠바 EIEFD(대)', NULL, NULL, 'RR', 10000, '대한민국', '0', 'AT', 44, 44, 10),
(319, '김선기', NULL, NULL, NULL, NULL, '세광고', 1, 8, 'RR', 3000, '대한민국', '0', 'AT', 39, 39, 10),
(320, '김성민', NULL, NULL, NULL, NULL, '상원고', 1, 6, 'LL', 10000, '대한민국', '0', 'AT', 48, 48, 10),
(321, '김연주', NULL, NULL, NULL, NULL, '세광고', 3, 29, 'RR', 3000, '대한민국', '0', 'AT', 34, 38, 10),
(322, '김윤하', NULL, NULL, NULL, NULL, '장충고', 1, 9, 'RR', 3000, '대한민국', '0', 'AT', 39, 44, 10),
(323, '로젠버그', NULL, NULL, NULL, NULL, NULL, NULL, NULL, 'LL', 5000, NULL, '1', 'AT', 68, 69, 10),
(324, '메르세데스', NULL, NULL, NULL, NULL, NULL, NULL, NULL, 'LS', 5000, NULL, '1', 'AT', 65, 65, 10),
(325, '박윤성', NULL, NULL, NULL, NULL, '경남고', 3, 26, 'RR', 3000, '대한민국', '0', 'AT', 53, 57, 10),
(326, '박정훈', NULL, NULL, NULL, NULL, '비봉고', 3, 28, 'LL', 3000, '대한민국', '0', 'AT', 22, 27, 10),
(327, '박주성', NULL, NULL, NULL, NULL, '경기고', NULL, NULL, 'RR', 3000, '대한민국', '0', 'AT', 37, 39, 10),
(328, '알칸타라', NULL, NULL, NULL, NULL, NULL, NULL, NULL, 'RR', 80000, NULL, '1', 'AT', 62, 62, 10),
(329, '오석주', NULL, NULL, NULL, NULL, '제주고', 6, 52, 'RR', 5000, '대한민국', '0', 'AT', 48, 49, 10),
(330, '원종현', NULL, NULL, NULL, NULL, '군산상고', 2, 11, 'RR', 20000, '대한민국', '0', 'AT', 58, 58, 10),
(331, '웰스', NULL, NULL, NULL, NULL, NULL, NULL, NULL, 'LL', 5000, '대한민국', '0', 'AT', 56, 57, 10),
(332, '윤석원', NULL, NULL, NULL, NULL, '부산고', 4, 36, 'LL', 3000, '대한민국', '0', 'AT', 41, 45, 10),
(333, '윤현', NULL, NULL, NULL, NULL, '경기고', 4, 31, 'RR', 3000, '대한민국', '0', 'AT', 25, 30, 10),
(334, '이강준', NULL, NULL, NULL, NULL, '설악고', 3, 22, 'RR', 3000, '대한민국', '0', 'AT', 35, 38, 10),
(335, '이준우', NULL, NULL, NULL, NULL, '경남고', NULL, NULL, 'RR', 3000, '대한민국', '0', 'AT', 52, 55, 10),
(336, '전준표', NULL, NULL, NULL, NULL, '서울고', 1, 8, 'RR', 3000, '대한민국', '0', 'AT', 31, 36, 10),
(337, '정현우', NULL, NULL, NULL, NULL, '덕수고', 1, 1, 'LL', 3000, '대한민국', '0', 'AT', 40, 45, 10),
(338, '조영건', NULL, NULL, NULL, NULL, '백송고', 2, 14, 'RR', 3000, '대한민국', '0', 'AT', 42, 44, 10),
(339, '하영민', NULL, NULL, NULL, NULL, '진흥고', 1, 4, 'RR', 10000, '대한민국', '0', 'AT', 48, 48, 10);

-- ─── PLR_TM (선수-팀 소속) ──────────────────────────────────────────────────
INSERT INTO PLR_TM (PLR_ID, TM_ID, TM_BGNG_DT, TM_END_DT) VALUES
(101, 1, '2025-01-01', NULL),
(102, 1, '2025-01-01', NULL),
(103, 1, '2025-01-01', NULL),
(104, 1, '2025-01-01', NULL),
(105, 1, '2025-01-01', NULL),
(106, 1, '2025-01-01', NULL),
(107, 1, '2025-01-01', NULL),
(108, 1, '2025-01-01', NULL),
(109, 1, '2025-01-01', NULL),
(110, 1, '2025-01-01', NULL),
(111, 1, '2025-01-01', NULL),
(112, 1, '2025-01-01', NULL),
(113, 1, '2025-01-01', NULL),
(114, 1, '2025-01-01', NULL),
(115, 1, '2025-01-01', NULL),
(116, 1, '2025-01-01', NULL),
(117, 1, '2025-01-01', NULL),
(118, 1, '2025-01-01', NULL),
(119, 1, '2025-01-01', NULL),
(120, 1, '2025-01-01', NULL),
(121, 1, '2025-01-01', NULL),
(122, 1, '2025-01-01', NULL),
(123, 1, '2025-01-01', NULL),
(124, 1, '2025-01-01', NULL),
(125, 1, '2025-01-01', NULL),
(126, 2, '2025-01-01', NULL),
(127, 2, '2025-01-01', NULL),
(128, 2, '2025-01-01', NULL),
(129, 2, '2025-01-01', NULL),
(130, 2, '2025-01-01', NULL),
(131, 2, '2025-01-01', NULL),
(132, 2, '2025-01-01', NULL),
(133, 2, '2025-01-01', NULL),
(134, 2, '2025-01-01', NULL),
(135, 2, '2025-01-01', NULL),
(136, 2, '2025-01-01', NULL),
(137, 2, '2025-01-01', NULL),
(138, 2, '2025-01-01', NULL),
(139, 2, '2025-01-01', NULL),
(140, 2, '2025-01-01', NULL),
(141, 2, '2025-01-01', NULL),
(142, 2, '2025-01-01', NULL),
(143, 2, '2025-01-01', NULL),
(144, 2, '2025-01-01', NULL),
(145, 2, '2025-01-01', NULL),
(146, 3, '2025-01-01', NULL),
(147, 3, '2025-01-01', NULL),
(148, 3, '2025-01-01', NULL),
(149, 3, '2025-01-01', NULL),
(150, 3, '2025-01-01', NULL);

INSERT INTO PLR_TM (PLR_ID, TM_ID, TM_BGNG_DT, TM_END_DT) VALUES
(151, 3, '2025-01-01', NULL),
(152, 3, '2025-01-01', NULL),
(153, 3, '2025-01-01', NULL),
(154, 3, '2025-01-01', NULL),
(155, 3, '2025-01-01', NULL),
(156, 3, '2025-01-01', NULL),
(157, 3, '2025-01-01', NULL),
(158, 3, '2025-01-01', NULL),
(159, 3, '2025-01-01', NULL),
(160, 3, '2025-01-01', NULL),
(161, 3, '2025-01-01', NULL),
(162, 3, '2025-01-01', NULL),
(163, 3, '2025-01-01', NULL),
(164, 3, '2025-01-01', NULL),
(165, 3, '2025-01-01', NULL),
(166, 3, '2025-01-01', NULL),
(167, 3, '2025-01-01', NULL),
(168, 4, '2025-01-01', NULL),
(169, 4, '2025-01-01', NULL),
(170, 4, '2025-01-01', NULL),
(171, 4, '2025-01-01', NULL),
(172, 4, '2025-01-01', '2025-11-30'),  -- 2026 SSG 이적
(173, 4, '2025-01-01', NULL),
(174, 4, '2025-01-01', NULL),
(175, 4, '2025-01-01', NULL),
(176, 4, '2025-01-01', NULL),
(177, 4, '2025-01-01', NULL),
(178, 4, '2025-01-01', NULL),
(179, 4, '2025-01-01', NULL),
(180, 4, '2025-01-01', NULL),
(181, 4, '2025-01-01', NULL),
(182, 4, '2025-01-01', NULL),
(183, 4, '2025-01-01', NULL),
(184, 4, '2025-01-01', NULL),
(185, 4, '2025-01-01', NULL),
(186, 4, '2025-01-01', NULL),
(187, 4, '2025-01-01', NULL),
(188, 4, '2025-01-01', NULL),
(189, 4, '2025-01-01', NULL),
(190, 4, '2025-01-01', NULL),
(191, 4, '2025-01-01', NULL),
(192, 4, '2025-01-01', NULL),
(193, 4, '2025-01-01', NULL),
(194, 5, '2025-01-01', NULL),
(195, 5, '2025-01-01', NULL),
(196, 5, '2025-01-01', NULL),
(197, 5, '2025-01-01', NULL),
(198, 5, '2025-01-01', NULL),
(199, 5, '2025-01-01', NULL),
(200, 5, '2025-01-01', NULL);

INSERT INTO PLR_TM (PLR_ID, TM_ID, TM_BGNG_DT, TM_END_DT) VALUES
(201, 5, '2025-01-01', NULL),
(202, 5, '2025-01-01', NULL),
(203, 5, '2025-01-01', NULL),
(204, 5, '2025-01-01', NULL),
(205, 5, '2025-01-01', NULL),
(206, 5, '2025-01-01', NULL),
(207, 5, '2025-01-01', NULL),
(208, 5, '2025-01-01', NULL),
(209, 5, '2025-01-01', NULL),
(210, 5, '2025-01-01', NULL),
(211, 5, '2025-01-01', NULL),
(212, 5, '2025-01-01', NULL),
(213, 5, '2025-01-01', NULL),
(214, 5, '2025-01-01', NULL),
(215, 5, '2025-01-01', NULL),
(216, 5, '2025-01-01', NULL),
(217, 6, '2025-01-01', NULL),
(218, 6, '2025-01-01', NULL),
(219, 6, '2025-01-01', NULL),
(220, 6, '2025-01-01', NULL),
(221, 6, '2025-01-01', NULL),
(222, 6, '2025-01-01', NULL),
(223, 6, '2025-01-01', NULL),
(224, 6, '2025-01-01', NULL),
(225, 6, '2025-01-01', NULL),
(226, 6, '2025-01-01', NULL),
(227, 6, '2025-01-01', NULL),
(228, 6, '2025-01-01', NULL),
(229, 6, '2025-01-01', NULL),
(230, 6, '2025-01-01', NULL),
(231, 6, '2025-01-01', NULL),
(232, 6, '2025-01-01', NULL),
(233, 6, '2025-01-01', NULL),
(234, 6, '2025-01-01', NULL),
(235, 6, '2025-01-01', NULL),
(236, 6, '2025-01-01', NULL),
(237, 6, '2025-01-01', NULL),
(238, 6, '2025-01-01', NULL),
(239, 7, '2025-01-01', NULL),
(240, 7, '2025-01-01', NULL),
(241, 7, '2025-01-01', NULL),
(242, 7, '2025-01-01', NULL),
(243, 7, '2025-01-01', NULL),
(244, 7, '2025-01-01', NULL),
(245, 7, '2025-01-01', NULL),
(246, 7, '2025-01-01', NULL),
(247, 7, '2025-01-01', NULL),
(248, 7, '2025-01-01', NULL),
(249, 7, '2025-01-01', NULL),
(250, 7, '2025-01-01', NULL);

INSERT INTO PLR_TM (PLR_ID, TM_ID, TM_BGNG_DT, TM_END_DT) VALUES
(251, 7, '2025-01-01', NULL),
(252, 7, '2025-01-01', NULL),
(253, 7, '2025-01-01', NULL),
(254, 7, '2025-01-01', NULL),
(255, 7, '2025-01-01', NULL),
(256, 7, '2025-01-01', NULL),
(257, 7, '2025-01-01', NULL),
(258, 7, '2025-01-01', NULL),
(259, 7, '2025-01-01', NULL),
(260, 7, '2025-01-01', NULL),
(261, 7, '2025-01-01', NULL),
(262, 7, '2025-01-01', NULL),
(263, 7, '2025-01-01', NULL),
(264, 7, '2025-01-01', NULL),
(265, 8, '2025-01-01', NULL),
(266, 8, '2025-01-01', NULL),
(267, 8, '2025-01-01', NULL),
(268, 8, '2025-01-01', NULL),
(269, 8, '2025-01-01', NULL),
(270, 8, '2025-01-01', NULL),
(271, 8, '2025-01-01', NULL),
(272, 8, '2025-01-01', NULL),
(273, 8, '2025-01-01', NULL),
(274, 8, '2025-01-01', NULL),
(275, 8, '2025-01-01', NULL),
(276, 8, '2025-01-01', NULL),
(277, 8, '2025-01-01', NULL),
(278, 8, '2025-01-01', NULL),
(279, 8, '2025-01-01', NULL),
(280, 8, '2025-01-01', NULL),
(281, 8, '2025-01-01', NULL),
(282, 8, '2025-01-01', '2025-11-30'),  -- 2026 KT 이적
(283, 8, '2025-01-01', NULL),
(284, 9, '2025-01-01', NULL),
(285, 9, '2025-01-01', NULL),
(286, 9, '2025-01-01', NULL),
(287, 9, '2025-01-01', NULL),
(288, 9, '2025-01-01', NULL),
(289, 9, '2025-01-01', NULL),
(290, 9, '2025-01-01', '2025-11-30'),  -- 2026 KT 이적
(291, 9, '2025-01-01', NULL),
(292, 9, '2025-01-01', NULL),
(293, 9, '2025-01-01', NULL),
(294, 9, '2025-01-01', NULL),
(295, 9, '2025-01-01', NULL),
(296, 9, '2025-01-01', NULL),
(297, 9, '2025-01-01', NULL),
(298, 9, '2025-01-01', NULL),
(299, 9, '2025-01-01', NULL),
(300, 9, '2025-01-01', NULL);

INSERT INTO PLR_TM (PLR_ID, TM_ID, TM_BGNG_DT, TM_END_DT) VALUES
(301, 9, '2025-01-01', NULL),
(302, 9, '2025-01-01', NULL),
(303, 9, '2025-01-01', NULL),
(304, 9, '2025-01-01', NULL),
(305, 9, '2025-01-01', NULL),
(306, 10, '2025-01-01', NULL),
(307, 10, '2025-01-01', NULL),
(308, 10, '2025-01-01', NULL),
(309, 10, '2025-01-01', NULL),
(310, 10, '2025-01-01', NULL),
(311, 10, '2025-01-01', NULL),
(312, 10, '2025-01-01', NULL),
(313, 10, '2025-01-01', NULL),
(314, 10, '2025-01-01', NULL),
(315, 10, '2025-01-01', NULL),
(316, 10, '2025-01-01', NULL),
(317, 10, '2025-01-01', NULL),
(318, 10, '2025-01-01', NULL),
(319, 10, '2025-01-01', NULL),
(320, 10, '2025-01-01', NULL),
(321, 10, '2025-01-01', NULL),
(322, 10, '2025-01-01', NULL),
(323, 10, '2025-01-01', NULL),
(324, 10, '2025-01-01', NULL),
(325, 10, '2025-01-01', NULL),
(326, 10, '2025-01-01', NULL),
(327, 10, '2025-01-01', NULL),
(328, 10, '2025-01-01', NULL),
(329, 10, '2025-01-01', NULL),
(330, 10, '2025-01-01', NULL),
(331, 10, '2025-01-01', NULL),
(332, 10, '2025-01-01', NULL),
(333, 10, '2025-01-01', NULL),
(334, 10, '2025-01-01', NULL),
(335, 10, '2025-01-01', NULL),
(336, 10, '2025-01-01', NULL),
(337, 10, '2025-01-01', NULL),
(338, 10, '2025-01-01', NULL),
(339, 10, '2025-01-01', NULL),
-- 2026 이적 선수 새 소속 (PLR_ID 101~339)
(172,  6, '2026-01-15', NULL),  -- 김재환 → SSG
(282,  5, '2026-01-15', NULL),  -- 한승혁 → KT
(290,  5, '2026-01-15', NULL);  -- 최원준 → KT

-- ─── PLR_TM_CNTRCT (계약 정보) ─────────────────────────────────────────────
INSERT INTO PLR_TM_CNTRCT (PLR_ID, TM_ID, FA_CNTRCT_BGNG_DT, FA_AMT, FA_CNTRCT_END_DT, REPR_POSN_CD) VALUES
(101, 1, '2025-01-01', 20000, '2027-12-31', '22'),
(102, 1, '2025-01-01', 3000, '2027-12-31', '21'),
(103, 1, '2025-01-01', 3000, '2027-12-31', '22'),
(104, 1, '2025-01-01', 150000, '2027-12-31', '21'),
(105, 1, '2025-01-01', 20000, '2027-12-31', '20'),
(106, 1, '2025-01-01', 20000, '2027-12-31', '22'),
(107, 1, '2025-01-01', 3000, '2027-12-31', '21'),
(108, 1, '2025-01-01', 5000, '2027-12-31', '21'),
(109, 1, '2025-01-01', 3000, '2027-12-31', '21'),
(110, 1, '2025-01-01', 10000, '2027-12-31', '21'),
(111, 1, '2025-01-01', 5000, '2027-12-31', '21'),
(112, 1, '2025-01-01', 20000, '2027-12-31', '22'),
(113, 1, '2025-01-01', 5000, '2027-12-31', '10'),
(114, 1, '2025-01-01', 5000, '2027-12-31', '10'),
(115, 1, '2025-01-01', 10000, '2027-12-31', '10'),
(116, 1, '2025-01-01', 5000, '2027-12-31', '10'),
(117, 1, '2025-01-01', 40000, '2027-12-31', '10'),
(118, 1, '2025-01-01', 5000, '2027-12-31', '10'),
(119, 1, '2025-01-01', 10000, '2027-12-31', '10'),
(120, 1, '2025-01-01', 10000, '2027-12-31', '10'),
(121, 1, '2025-01-01', 5000, '2027-12-31', '10'),
(122, 1, '2025-01-01', 20000, '2027-12-31', '10'),
(123, 1, '2025-01-01', 40000, '2027-12-31', '10'),
(124, 1, '2025-01-01', 5000, '2027-12-31', '10'),
(125, 1, '2025-01-01', 5000, '2027-12-31', '10'),
(126, 2, '2025-01-01', 20000, '2027-12-31', '22'),
(127, 2, '2025-01-01', 20000, '2027-12-31', '21'),
(128, 2, '2025-01-01', 20000, '2027-12-31', '21'),
(129, 2, '2025-01-01', 5000, '2027-12-31', '22'),
(130, 2, '2025-01-01', 5000, '2027-12-31', '21'),
(131, 2, '2025-01-01', 5000, '2027-12-31', '22'),
(132, 2, '2025-01-01', 10000, '2027-12-31', '10'),
(133, 2, '2025-01-01', 5000, '2027-12-31', '10'),
(134, 2, '2025-01-01', 3000, '2027-12-31', '10'),
(135, 2, '2025-01-01', 20000, '2027-12-31', '10'),
(136, 2, '2025-01-01', 5000, '2027-12-31', '10'),
(137, 2, '2025-01-01', 80000, '2027-12-31', '10'),
(138, 2, '2025-01-01', 10000, '2027-12-31', '10'),
(139, 2, '2025-01-01', 5000, '2027-12-31', '10'),
(140, 2, '2025-01-01', 5000, '2027-12-31', '10'),
(141, 2, '2025-01-01', 10000, '2027-12-31', '10'),
(142, 2, '2025-01-01', 5000, '2027-12-31', '10'),
(143, 2, '2025-01-01', 80000, '2027-12-31', '10'),
(144, 2, '2025-01-01', 3000, '2027-12-31', '10'),
(145, 2, '2025-01-01', 40000, '2027-12-31', '10'),
(146, 3, '2025-01-01', 10000, '2027-12-31', '21'),
(147, 3, '2025-01-01', 300000, '2027-12-31', '22'),
(148, 3, '2025-01-01', 40000, '2027-12-31', '22'),
(149, 3, '2025-01-01', 5000, '2027-12-31', '22'),
(150, 3, '2025-01-01', 40000, '2027-12-31', '21');

INSERT INTO PLR_TM_CNTRCT (PLR_ID, TM_ID, FA_CNTRCT_BGNG_DT, FA_AMT, FA_CNTRCT_END_DT, REPR_POSN_CD) VALUES
(151, 3, '2025-01-01', 5000, '2027-12-31', '20'),
(152, 3, '2025-01-01', 5000, '2027-12-31', '22'),
(153, 3, '2025-01-01', 5000, '2027-12-31', '10'),
(154, 3, '2025-01-01', 40000, '2027-12-31', '10'),
(155, 3, '2025-01-01', 5000, '2027-12-31', '10'),
(156, 3, '2025-01-01', 5000, '2027-12-31', '10'),
(157, 3, '2025-01-01', 20000, '2027-12-31', '10'),
(158, 3, '2025-01-01', 10000, '2027-12-31', '10'),
(159, 3, '2025-01-01', 10000, '2027-12-31', '10'),
(160, 3, '2025-01-01', 10000, '2027-12-31', '10'),
(161, 3, '2025-01-01', 5000, '2027-12-31', '10'),
(162, 3, '2025-01-01', 20000, '2027-12-31', '10'),
(163, 3, '2025-01-01', 20000, '2027-12-31', '10'),
(164, 3, '2025-01-01', 20000, '2027-12-31', '10'),
(165, 3, '2025-01-01', 3000, '2027-12-31', '10'),
(166, 3, '2025-01-01', 5000, '2027-12-31', '10'),
(167, 3, '2025-01-01', 40000, '2027-12-31', '10'),
(168, 4, '2025-01-01', 5000, '2027-12-31', '20'),
(169, 4, '2025-01-01', 3000, '2027-12-31', '22'),
(170, 4, '2025-01-01', 5000, '2027-12-31', '22'),
(171, 4, '2025-01-01', 20000, '2027-12-31', '22'),
(172, 4, '2025-01-01', 150000, '2027-12-31', '22'),
(173, 4, '2025-01-01', 3000, '2027-12-31', '21'),
(174, 4, '2025-01-01', 10000, '2027-12-31', '21'),
(175, 4, '2025-01-01', 10000, '2027-12-31', '21'),
(176, 4, '2025-01-01', 5000, '2027-12-31', '21'),
(177, 4, '2025-01-01', 10000, '2027-12-31', '21'),
(178, 4, '2025-01-01', 10000, '2027-12-31', '22'),
(179, 4, '2025-01-01', 10000, '2027-12-31', '22'),
(180, 4, '2025-01-01', 10000, '2027-12-31', '10'),
(181, 4, '2025-01-01', 3000, '2027-12-31', '10'),
(182, 4, '2025-01-01', 10000, '2027-12-31', '10'),
(183, 4, '2025-01-01', 5000, '2027-12-31', '10'),
(184, 4, '2025-01-01', 5000, '2027-12-31', '10'),
(185, 4, '2025-01-01', 10000, '2027-12-31', '10'),
(186, 4, '2025-01-01', 5000, '2027-12-31', '10'),
(187, 4, '2025-01-01', 20000, '2027-12-31', '10'),
(188, 4, '2025-01-01', 20000, '2027-12-31', '10'),
(189, 4, '2025-01-01', 5000, '2027-12-31', '10'),
(190, 4, '2025-01-01', 10000, '2027-12-31', '10'),
(191, 4, '2025-01-01', 5000, '2027-12-31', '10'),
(192, 4, '2025-01-01', 10000, '2027-12-31', '10'),
(193, 4, '2025-01-01', 5000, '2027-12-31', '10'),
(194, 5, '2025-01-01', 5000, '2027-12-31', '21'),
(195, 5, '2025-01-01', 5000, '2027-12-31', '22'),
(196, 5, '2025-01-01', 80000, '2027-12-31', '21'),
(197, 5, '2025-01-01', 5000, '2027-12-31', '21'),
(198, 5, '2025-01-01', 5000, '2027-12-31', '22'),
(199, 5, '2025-01-01', 20000, '2027-12-31', '22'),
(200, 5, '2025-01-01', 20000, '2027-12-31', '21');

INSERT INTO PLR_TM_CNTRCT (PLR_ID, TM_ID, FA_CNTRCT_BGNG_DT, FA_AMT, FA_CNTRCT_END_DT, REPR_POSN_CD) VALUES
(201, 5, '2025-01-01', 3000, '2027-12-31', '22'),
(202, 5, '2025-01-01', 5000, '2027-12-31', '21'),
(203, 5, '2025-01-01', 3000, '2027-12-31', '22'),
(204, 5, '2025-01-01', 20000, '2027-12-31', '10'),
(205, 5, '2025-01-01', 5000, '2027-12-31', '10'),
(206, 5, '2025-01-01', 20000, '2027-12-31', '10'),
(207, 5, '2025-01-01', 40000, '2027-12-31', '10'),
(208, 5, '2025-01-01', 40000, '2027-12-31', '10'),
(209, 5, '2025-01-01', 10000, '2027-12-31', '10'),
(210, 5, '2025-01-01', 20000, '2027-12-31', '10'),
(211, 5, '2025-01-01', 80000, '2027-12-31', '10'),
(212, 5, '2025-01-01', 5000, '2027-12-31', '10'),
(213, 5, '2025-01-01', 5000, '2027-12-31', '10'),
(214, 5, '2025-01-01', 20000, '2027-12-31', '10'),
(215, 5, '2025-01-01', 80000, '2027-12-31', '10'),
(216, 5, '2025-01-01', 5000, '2027-12-31', '10'),
(217, 6, '2025-01-01', 3000, '2027-12-31', '21'),
(218, 6, '2025-01-01', 10000, '2027-12-31', '22'),
(219, 6, '2025-01-01', 40000, '2027-12-31', '21'),
(220, 6, '2025-01-01', 5000, '2027-12-31', '22'),
(221, 6, '2025-01-01', 3000, '2027-12-31', '21'),
(222, 6, '2025-01-01', 40000, '2027-12-31', '22'),
(223, 6, '2025-01-01', 10000, '2027-12-31', '21'),
(224, 6, '2025-01-01', 5000, '2027-12-31', '20'),
(225, 6, '2025-01-01', 3000, '2027-12-31', '22'),
(226, 6, '2025-01-01', 5000, '2027-12-31', '10'),
(227, 6, '2025-01-01', 20000, '2027-12-31', '10'),
(228, 6, '2025-01-01', 10000, '2027-12-31', '10'),
(229, 6, '2025-01-01', 5000, '2027-12-31', '10'),
(230, 6, '2025-01-01', 5000, '2027-12-31', '10'),
(231, 6, '2025-01-01', 5000, '2027-12-31', '10'),
(232, 6, '2025-01-01', 20000, '2027-12-31', '10'),
(233, 6, '2025-01-01', 10000, '2027-12-31', '10'),
(234, 6, '2025-01-01', 5000, '2027-12-31', '10'),
(235, 6, '2025-01-01', 20000, '2027-12-31', '10'),
(236, 6, '2025-01-01', 5000, '2027-12-31', '10'),
(237, 6, '2025-01-01', 5000, '2027-12-31', '10'),
(238, 6, '2025-01-01', 10000, '2027-12-31', '10'),
(239, 7, '2025-01-01', 5000, '2027-12-31', '22'),
(240, 7, '2025-01-01', 80000, '2027-12-31', '21'),
(241, 7, '2025-01-01', 5000, '2027-12-31', '21'),
(242, 7, '2025-01-01', 20000, '2027-12-31', '22'),
(243, 7, '2025-01-01', 5000, '2027-12-31', '21'),
(244, 7, '2025-01-01', 5000, '2027-12-31', '21'),
(245, 7, '2025-01-01', 5000, '2027-12-31', '21'),
(246, 7, '2025-01-01', 5000, '2027-12-31', '22'),
(247, 7, '2025-01-01', 5000, '2027-12-31', '21'),
(248, 7, '2025-01-01', 3000, '2027-12-31', '20'),
(249, 7, '2025-01-01', 40000, '2027-12-31', '22'),
(250, 7, '2025-01-01', 5000, '2027-12-31', '21');

INSERT INTO PLR_TM_CNTRCT (PLR_ID, TM_ID, FA_CNTRCT_BGNG_DT, FA_AMT, FA_CNTRCT_END_DT, REPR_POSN_CD) VALUES
(251, 7, '2025-01-01', 10000, '2027-12-31', '22'),
(252, 7, '2025-01-01', 10000, '2027-12-31', '10'),
(253, 7, '2025-01-01', 5000, '2027-12-31', '10'),
(254, 7, '2025-01-01', 3000, '2027-12-31', '10'),
(255, 7, '2025-01-01', 5000, '2027-12-31', '10'),
(256, 7, '2025-01-01', 40000, '2027-12-31', '10'),
(257, 7, '2025-01-01', 3000, '2027-12-31', '10'),
(258, 7, '2025-01-01', 3000, '2027-12-31', '10'),
(259, 7, '2025-01-01', 5000, '2027-12-31', '10'),
(260, 7, '2025-01-01', 5000, '2027-12-31', '10'),
(261, 7, '2025-01-01', 10000, '2027-12-31', '10'),
(262, 7, '2025-01-01', 5000, '2027-12-31', '10'),
(263, 7, '2025-01-01', 20000, '2027-12-31', '10'),
(264, 7, '2025-01-01', 5000, '2027-12-31', '10'),
(265, 8, '2025-01-01', 10000, '2027-12-31', '21'),
(266, 8, '2025-01-01', 5000, '2027-12-31', '22'),
(267, 8, '2025-01-01', 20000, '2027-12-31', '21'),
(268, 8, '2025-01-01', 5000, '2027-12-31', '21'),
(269, 8, '2025-01-01', 10000, '2027-12-31', '22'),
(270, 8, '2025-01-01', 10000, '2027-12-31', '22'),
(271, 8, '2025-01-01', 5000, '2027-12-31', '22'),
(272, 8, '2025-01-01', 20000, '2027-12-31', '21'),
(273, 8, '2025-01-01', 5000, '2027-12-31', '21'),
(274, 8, '2025-01-01', 10000, '2027-12-31', '10'),
(275, 8, '2025-01-01', 10000, '2027-12-31', '10'),
(276, 8, '2025-01-01', 3000, '2027-12-31', '10'),
(277, 8, '2025-01-01', 20000, '2027-12-31', '10'),
(278, 8, '2025-01-01', 5000, '2027-12-31', '10'),
(279, 8, '2025-01-01', 5000, '2027-12-31', '10'),
(280, 8, '2025-01-01', 10000, '2027-12-31', '10'),
(281, 8, '2025-01-01', 20000, '2027-12-31', '10'),
(282, 8, '2025-01-01', 3000, '2027-12-31', '10'),
(283, 8, '2025-01-01', 5000, '2027-12-31', '10'),
(284, 9, '2025-01-01', 40000, '2027-12-31', '21'),
(285, 9, '2025-01-01', 20000, '2027-12-31', '21'),
(286, 9, '2025-01-01', 20000, '2027-12-31', '21'),
(287, 9, '2025-01-01', 10000, '2027-12-31', '21'),
(288, 9, '2025-01-01', 5000, '2027-12-31', '22'),
(289, 9, '2025-01-01', 3000, '2027-12-31', '22'),
(290, 9, '2025-01-01', 20000, '2027-12-31', '22'),
(291, 9, '2025-01-01', 10000, '2027-12-31', '22'),
(292, 9, '2025-01-01', 3000, '2027-12-31', '22'),
(293, 9, '2025-01-01', 5000, '2027-12-31', '10'),
(294, 9, '2025-01-01', 20000, '2027-12-31', '10'),
(295, 9, '2025-01-01', 5000, '2027-12-31', '10'),
(296, 9, '2025-01-01', 5000, '2027-12-31', '10'),
(297, 9, '2025-01-01', 10000, '2027-12-31', '10'),
(298, 9, '2025-01-01', 10000, '2027-12-31', '10'),
(299, 9, '2025-01-01', 3000, '2027-12-31', '10'),
(300, 9, '2025-01-01', 10000, '2027-12-31', '10');

INSERT INTO PLR_TM_CNTRCT (PLR_ID, TM_ID, FA_CNTRCT_BGNG_DT, FA_AMT, FA_CNTRCT_END_DT, REPR_POSN_CD) VALUES
(301, 9, '2025-01-01', 5000, '2027-12-31', '10'),
(302, 9, '2025-01-01', 40000, '2027-12-31', '10'),
(303, 9, '2025-01-01', 3000, '2027-12-31', '10'),
(304, 9, '2025-01-01', 5000, '2027-12-31', '10'),
(305, 9, '2025-01-01', 10000, '2027-12-31', '10'),
(306, 10, '2025-01-01', 5000, '2027-12-31', '20'),
(307, 10, '2025-01-01', 3000, '2027-12-31', '20'),
(308, 10, '2025-01-01', 3000, '2027-12-31', '21'),
(309, 10, '2025-01-01', 3000, '2027-12-31', '22'),
(310, 10, '2025-01-01', 3000, '2027-12-31', '21'),
(311, 10, '2025-01-01', 3000, '2027-12-31', '21'),
(312, 10, '2025-01-01', 10000, '2027-12-31', '22'),
(313, 10, '2025-01-01', 5000, '2027-12-31', '22'),
(314, 10, '2025-01-01', 3000, '2027-12-31', '21'),
(315, 10, '2025-01-01', 3000, '2027-12-31', '22'),
(316, 10, '2025-01-01', 80000, '2027-12-31', '21'),
(317, 10, '2025-01-01', 3000, '2027-12-31', '22'),
(318, 10, '2025-01-01', 10000, '2027-12-31', '22'),
(319, 10, '2025-01-01', 3000, '2027-12-31', '10'),
(320, 10, '2025-01-01', 10000, '2027-12-31', '10'),
(321, 10, '2025-01-01', 3000, '2027-12-31', '10'),
(322, 10, '2025-01-01', 3000, '2027-12-31', '10'),
(323, 10, '2025-01-01', 5000, '2027-12-31', '10'),
(324, 10, '2025-01-01', 5000, '2027-12-31', '10'),
(325, 10, '2025-01-01', 3000, '2027-12-31', '10'),
(326, 10, '2025-01-01', 3000, '2027-12-31', '10'),
(327, 10, '2025-01-01', 3000, '2027-12-31', '10'),
(328, 10, '2025-01-01', 80000, '2027-12-31', '10'),
(329, 10, '2025-01-01', 5000, '2027-12-31', '10'),
(330, 10, '2025-01-01', 20000, '2027-12-31', '10'),
(331, 10, '2025-01-01', 5000, '2027-12-31', '10'),
(332, 10, '2025-01-01', 3000, '2027-12-31', '10'),
(333, 10, '2025-01-01', 3000, '2027-12-31', '10'),
(334, 10, '2025-01-01', 3000, '2027-12-31', '10'),
(335, 10, '2025-01-01', 3000, '2027-12-31', '10'),
(336, 10, '2025-01-01', 3000, '2027-12-31', '10'),
(337, 10, '2025-01-01', 3000, '2027-12-31', '10'),
(338, 10, '2025-01-01', 3000, '2027-12-31', '10'),
(339, 10, '2025-01-01', 10000, '2027-12-31', '10');

-- ─── PLR_POSN (포지션 숙련도) ───────────────────────────────────────────────
INSERT INTO PLR_POSN (PLR_ID, POSN_CD, POSN_PRFC_ABLT) VALUES
(101, '25', 49),
(102, '22', 40),
(103, '25', 40),
(104, '22', 47),
(105, '20', 40),
(106, '26', 43),
(107, '23', 40),
(108, '23', 40),
(109, '21', 40),
(110, '21', 44),
(111, '22', 47),
(112, '25', 40),
(113, '11', 41),
(114, '11', 40),
(115, '10', 40),
(116, '11', 40),
(117, '10', 60),
(118, '12', 46),
(119, '10', 65),
(120, '10', 41),
(121, '12', 48),
(122, '12', 57),
(123, '12', 59),
(124, '12', 40),
(125, '11', 43),
(126, '27', 54),
(127, '23', 44),
(128, '21', 53),
(129, '26', 41),
(130, '22', 40),
(131, '27', 40),
(132, '10', 59),
(133, '11', 40),
(134, '12', 51),
(135, '10', 51),
(136, '12', 55),
(137, '12', 47),
(138, '11', 40),
(139, '12', 40),
(140, '12', 40),
(141, '10', 44),
(142, '12', 52),
(143, '10', 47),
(144, '11', 42),
(145, '10', 57),
(146, '23', 40),
(147, '25', 46),
(148, '27', 45),
(149, '27', 40),
(150, '21', 56);

INSERT INTO PLR_POSN (PLR_ID, POSN_CD, POSN_PRFC_ABLT) VALUES
(151, '20', 40),
(152, '25', 43),
(153, '12', 53),
(154, '12', 62),
(155, '12', 40),
(156, '12', 40),
(157, '10', 48),
(158, '10', 53),
(159, '10', 62),
(160, '12', 55),
(161, '12', 40),
(162, '12', 48),
(163, '11', 45),
(164, '10', 54),
(165, '10', 40),
(166, '10', 61),
(167, '12', 53),
(168, '20', 40),
(169, '28', 40),
(170, '25', 40),
(171, '25', 40),
(172, '28', 42),
(173, '23', 47),
(174, '24', 40),
(175, '24', 45),
(176, '22', 40),
(177, '24', 40),
(178, '25', 40),
(179, '27', 52),
(180, '12', 46),
(181, '12', 40),
(182, '12', 61),
(183, '12', 40),
(184, '12', 40),
(185, '12', 51),
(186, '12', 52),
(187, '12', 43),
(188, '10', 58),
(189, '10', 41),
(190, '10', 41),
(191, '12', 49),
(192, '10', 45),
(193, '11', 40),
(194, '24', 40),
(195, '25', 40),
(196, '22', 45),
(197, '21', 40),
(198, '26', 41),
(199, '27', 57),
(200, '22', 40);

INSERT INTO PLR_POSN (PLR_ID, POSN_CD, POSN_PRFC_ABLT) VALUES
(201, '25', 40),
(202, '24', 40),
(203, '25', 40),
(204, '12', 50),
(205, '11', 40),
(206, '12', 65),
(207, '10', 41),
(208, '10', 50),
(209, '12', 46),
(210, '10', 44),
(211, '12', 45),
(212, '12', 44),
(213, '12', 52),
(214, '11', 40),
(215, '10', 51),
(216, '10', 45),
(217, '21', 40),
(218, '27', 41),
(219, '23', 40),
(220, '28', 42),
(221, '23', 41),
(222, '25', 49),
(223, '22', 40),
(224, '20', 40),
(225, '25', 40),
(226, '11', 42),
(227, '12', 48),
(228, '12', 45),
(229, '12', 40),
(230, '12', 40),
(231, '11', 40),
(232, '10', 64),
(233, '12', 50),
(234, '11', 55),
(235, '12', 65),
(236, '11', 42),
(237, '12', 47),
(238, '10', 61),
(239, '26', 40),
(240, '23', 40),
(241, '21', 40),
(242, '25', 51),
(243, '23', 48),
(244, '23', 44),
(245, '24', 43),
(246, '26', 40),
(247, '24', 40),
(248, '20', 40),
(249, '28', 40),
(250, '22', 40);

INSERT INTO PLR_POSN (PLR_ID, POSN_CD, POSN_PRFC_ABLT) VALUES
(251, '26', 45),
(252, '10', 60),
(253, '11', 43),
(254, '10', 51),
(255, '12', 47),
(256, '10', 58),
(257, '10', 40),
(258, '12', 44),
(259, '11', 52),
(260, '10', 40),
(261, '12', 47),
(262, '12', 55),
(263, '12', 58),
(264, '12', 60),
(265, '21', 40),
(266, '26', 51),
(267, '24', 43),
(268, '22', 40),
(269, '27', 40),
(270, '28', 40),
(271, '26', 52),
(272, '24', 42),
(273, '22', 40),
(274, '12', 47),
(275, '12', 54),
(276, '12', 46),
(277, '10', 64),
(278, '12', 59),
(279, '12', 43),
(280, '12', 52),
(281, '10', 68),
(282, '12', 47),
(283, '10', 48),
(284, '24', 49),
(285, '23', 40),
(286, '21', 47),
(287, '21', 40),
(288, '25', 40),
(289, '26', 44),
(290, '26', 47),
(291, '26', 42),
(292, '26', 40),
(293, '10', 40),
(294, '12', 48),
(295, '12', 40),
(296, '12', 49),
(297, '10', 65),
(298, '10', 51),
(299, '10', 40),
(300, '12', 43);

INSERT INTO PLR_POSN (PLR_ID, POSN_CD, POSN_PRFC_ABLT) VALUES
(301, '12', 46),
(302, '10', 48),
(303, '11', 40),
(304, '12', 40),
(305, '11', 40),
(306, '20', 40),
(307, '20', 40),
(308, '22', 40),
(309, '27', 40),
(310, '24', 40),
(311, '24', 40),
(312, '27', 43),
(313, '25', 40),
(314, '22', 40),
(315, '27', 40),
(316, '21', 40),
(317, '28', 40),
(318, '25', 40),
(319, '11', 40),
(320, '12', 43),
(321, '11', 40),
(322, '10', 40),
(323, '10', 63),
(324, '10', 60),
(325, '12', 48),
(326, '11', 40),
(327, '11', 40),
(328, '10', 57),
(329, '12', 43),
(330, '12', 53),
(331, '10', 51),
(332, '12', 40),
(333, '11', 40),
(334, '12', 40),
(335, '12', 47),
(336, '12', 40),
(337, '10', 40),
(338, '11', 40),
(339, '10', 43);

-- ─── PLR_ABLT (능력치) ──────────────────────────────────────────────────────
INSERT INTO PLR_ABLT (PLR_ID, ABLT_CD, ABLT_VAL) VALUES
(101, 'CNT', 56),
(101, 'PWR', 38),
(101, 'RUN', 74),
(101, 'THR', 56),
(101, 'STL', 64),
(102, 'CNT', 30),
(102, 'PWR', 29),
(102, 'RUN', 54),
(102, 'THR', 60),
(102, 'STL', 53),
(103, 'CNT', 27),
(103, 'PWR', 36),
(103, 'RUN', 30),
(103, 'THR', 56),
(103, 'STL', 36),
(104, 'CNT', 65),
(104, 'PWR', 33),
(104, 'RUN', 58),
(104, 'THR', 60),
(104, 'STL', 56),
(105, 'CNT', 50),
(105, 'PWR', 33),
(105, 'RUN', 30),
(105, 'THR', 66),
(105, 'STL', 26),
(106, 'CNT', 38),
(106, 'PWR', 43),
(106, 'RUN', 67),
(106, 'THR', 61),
(106, 'STL', 63),
(107, 'CNT', 21),
(107, 'PWR', 31),
(107, 'RUN', 38),
(107, 'THR', 62),
(107, 'STL', 30),
(108, 'CNT', 29),
(108, 'PWR', 34),
(108, 'RUN', 31),
(108, 'THR', 62),
(108, 'STL', 50),
(109, 'CNT', 32),
(109, 'PWR', 53),
(109, 'RUN', 30),
(109, 'THR', 44),
(109, 'STL', 26),
(110, 'CNT', 29),
(110, 'PWR', 80),
(110, 'RUN', 37),
(110, 'THR', 44),
(110, 'STL', 54),
(111, 'CNT', 47),
(111, 'PWR', 61),
(111, 'RUN', 47),
(111, 'THR', 60),
(111, 'STL', 50),
(112, 'CNT', 34),
(112, 'PWR', 31),
(112, 'RUN', 47),
(112, 'THR', 56),
(112, 'STL', 41),
(113, 'VEL', 42),
(113, 'CTL', 60),
(113, 'BRK', 37),
(113, 'STM', 33),
(113, 'P4S', 35),
(114, 'VEL', 48),
(114, 'CTL', 35),
(114, 'BRK', 43),
(114, 'STM', 31),
(114, 'P4S', 40),
(115, 'VEL', 34),
(115, 'CTL', 57),
(115, 'BRK', 29),
(115, 'STM', 26),
(115, 'P4S', 28),
(116, 'VEL', 34),
(116, 'CTL', 56),
(116, 'BRK', 29),
(116, 'STM', 20),
(116, 'P4S', 28),
(117, 'VEL', 67),
(117, 'CTL', 68),
(117, 'BRK', 62),
(117, 'STM', 59),
(117, 'P4S', 56),
(118, 'VEL', 41),
(118, 'CTL', 72),
(118, 'BRK', 36),
(118, 'STM', 46),
(118, 'P4S', 34),
(119, 'VEL', 78),
(119, 'CTL', 65),
(119, 'BRK', 75),
(119, 'STM', 56),
(119, 'P4S', 66),
(120, 'VEL', 44),
(120, 'CTL', 56),
(120, 'BRK', 39),
(120, 'STM', 39),
(120, 'P4S', 37);

INSERT INTO PLR_ABLT (PLR_ID, ABLT_CD, ABLT_VAL) VALUES
(121, 'VEL', 55),
(121, 'CTL', 54),
(121, 'BRK', 50),
(121, 'STM', 55),
(121, 'P4S', 46),
(122, 'VEL', 64),
(122, 'CTL', 63),
(122, 'BRK', 59),
(122, 'STM', 65),
(122, 'P4S', 54),
(123, 'VEL', 71),
(123, 'CTL', 59),
(123, 'BRK', 66),
(123, 'STM', 65),
(123, 'P4S', 60),
(124, 'VEL', 46),
(124, 'CTL', 31),
(124, 'BRK', 41),
(124, 'STM', 62),
(124, 'P4S', 39),
(125, 'VEL', 49),
(125, 'CTL', 57),
(125, 'BRK', 44),
(125, 'STM', 27),
(125, 'P4S', 41),
(126, 'CNT', 63),
(126, 'PWR', 44),
(126, 'RUN', 75),
(126, 'THR', 62),
(126, 'STL', 71),
(127, 'CNT', 32),
(127, 'PWR', 66),
(127, 'RUN', 46),
(127, 'THR', 62),
(127, 'STL', 53),
(128, 'CNT', 59),
(128, 'PWR', 80),
(128, 'RUN', 31),
(128, 'THR', 44),
(128, 'STL', 50),
(129, 'CNT', 44),
(129, 'PWR', 38),
(129, 'RUN', 57),
(129, 'THR', 61),
(129, 'STL', 47),
(130, 'CNT', 39),
(130, 'PWR', 20),
(130, 'RUN', 57),
(130, 'THR', 60),
(130, 'STL', 62),
(131, 'CNT', 20),
(131, 'PWR', 61),
(131, 'RUN', 51),
(131, 'THR', 62),
(131, 'STL', 49),
(132, 'VEL', 78),
(132, 'CTL', 50),
(132, 'BRK', 73),
(132, 'STM', 49),
(132, 'P4S', 66),
(133, 'VEL', 46),
(133, 'CTL', 45),
(133, 'BRK', 41),
(133, 'STM', 22),
(133, 'P4S', 39),
(134, 'VEL', 60),
(134, 'CTL', 52),
(134, 'BRK', 55),
(134, 'STM', 65),
(134, 'P4S', 51),
(135, 'VEL', 50),
(135, 'CTL', 73),
(135, 'BRK', 45),
(135, 'STM', 51),
(135, 'P4S', 42),
(136, 'VEL', 74),
(136, 'CTL', 42),
(136, 'BRK', 69),
(136, 'STM', 61),
(136, 'P4S', 62),
(137, 'VEL', 50),
(137, 'CTL', 64),
(137, 'BRK', 45),
(137, 'STM', 35),
(137, 'P4S', 42),
(138, 'VEL', 36),
(138, 'CTL', 57),
(138, 'BRK', 31),
(138, 'STM', 38),
(138, 'P4S', 30),
(139, 'VEL', 37),
(139, 'CTL', 29),
(139, 'BRK', 32),
(139, 'STM', 33),
(139, 'P4S', 31),
(140, 'VEL', 40),
(140, 'CTL', 54),
(140, 'BRK', 35),
(140, 'STM', 59),
(140, 'P4S', 34);

INSERT INTO PLR_ABLT (PLR_ID, ABLT_CD, ABLT_VAL) VALUES
(141, 'VEL', 54),
(141, 'CTL', 53),
(141, 'BRK', 49),
(141, 'STM', 20),
(141, 'P4S', 45),
(142, 'VEL', 64),
(142, 'CTL', 52),
(142, 'BRK', 59),
(142, 'STM', 56),
(142, 'P4S', 54),
(143, 'VEL', 48),
(143, 'CTL', 64),
(143, 'BRK', 43),
(143, 'STM', 48),
(143, 'P4S', 40),
(144, 'VEL', 51),
(144, 'CTL', 51),
(144, 'BRK', 46),
(144, 'STM', 25),
(144, 'P4S', 43),
(145, 'VEL', 56),
(145, 'CTL', 76),
(145, 'BRK', 51),
(145, 'STM', 65),
(145, 'P4S', 47),
(146, 'CNT', 50),
(146, 'PWR', 27),
(146, 'RUN', 54),
(146, 'THR', 62),
(146, 'STL', 51),
(147, 'CNT', 62),
(147, 'PWR', 49),
(147, 'RUN', 39),
(147, 'THR', 56),
(147, 'STL', 40),
(148, 'CNT', 62),
(148, 'PWR', 29),
(148, 'RUN', 58),
(148, 'THR', 62),
(148, 'STL', 51),
(149, 'CNT', 21),
(149, 'PWR', 46),
(149, 'RUN', 52),
(149, 'THR', 62),
(149, 'STL', 48),
(150, 'CNT', 62),
(150, 'PWR', 79),
(150, 'RUN', 44),
(150, 'THR', 44),
(150, 'STL', 46),
(151, 'CNT', 35),
(151, 'PWR', 42),
(151, 'RUN', 30),
(151, 'THR', 66),
(151, 'STL', 36),
(152, 'CNT', 50),
(152, 'PWR', 25),
(152, 'RUN', 75),
(152, 'THR', 56),
(152, 'STL', 63),
(153, 'VEL', 65),
(153, 'CTL', 51),
(153, 'BRK', 60),
(153, 'STM', 62),
(153, 'P4S', 55),
(154, 'VEL', 72),
(154, 'CTL', 65),
(154, 'BRK', 67),
(154, 'STM', 65),
(154, 'P4S', 61),
(155, 'VEL', 45),
(155, 'CTL', 50),
(155, 'BRK', 40),
(155, 'STM', 46),
(155, 'P4S', 38),
(156, 'VEL', 42),
(156, 'CTL', 40),
(156, 'BRK', 37),
(156, 'STM', 38),
(156, 'P4S', 35),
(157, 'VEL', 53),
(157, 'CTL', 60),
(157, 'BRK', 48),
(157, 'STM', 42),
(157, 'P4S', 45),
(158, 'VEL', 58),
(158, 'CTL', 67),
(158, 'BRK', 53),
(158, 'STM', 40),
(158, 'P4S', 49),
(159, 'VEL', 78),
(159, 'CTL', 60),
(159, 'BRK', 75),
(159, 'STM', 40),
(159, 'P4S', 66),
(160, 'VEL', 75),
(160, 'CTL', 47),
(160, 'BRK', 70),
(160, 'STM', 42),
(160, 'P4S', 63);

INSERT INTO PLR_ABLT (PLR_ID, ABLT_CD, ABLT_VAL) VALUES
(161, 'VEL', 42),
(161, 'CTL', 52),
(161, 'BRK', 37),
(161, 'STM', 45),
(161, 'P4S', 35),
(162, 'VEL', 55),
(162, 'CTL', 54),
(162, 'BRK', 50),
(162, 'STM', 54),
(162, 'P4S', 46),
(163, 'VEL', 48),
(163, 'CTL', 66),
(163, 'BRK', 43),
(163, 'STM', 23),
(163, 'P4S', 40),
(164, 'VEL', 53),
(164, 'CTL', 74),
(164, 'BRK', 48),
(164, 'STM', 58),
(164, 'P4S', 45),
(165, 'VEL', 22),
(165, 'CTL', 66),
(165, 'BRK', 20),
(165, 'STM', 41),
(165, 'P4S', 20),
(166, 'VEL', 74),
(166, 'CTL', 61),
(166, 'BRK', 69),
(166, 'STM', 53),
(166, 'P4S', 62),
(167, 'VEL', 70),
(167, 'CTL', 49),
(167, 'BRK', 65),
(167, 'STM', 36),
(167, 'P4S', 59),
(168, 'CNT', 43),
(168, 'PWR', 29),
(168, 'RUN', 34),
(168, 'THR', 66),
(168, 'STL', 34),
(169, 'CNT', 30),
(169, 'PWR', 35),
(169, 'RUN', 42),
(169, 'THR', 40),
(169, 'STL', 35),
(170, 'CNT', 29),
(170, 'PWR', 20),
(170, 'RUN', 44),
(170, 'THR', 56),
(170, 'STL', 42),
(171, 'CNT', 32),
(171, 'PWR', 39),
(171, 'RUN', 33),
(171, 'THR', 56),
(171, 'STL', 27),
(172, 'CNT', 41),
(172, 'PWR', 63),
(172, 'RUN', 39),
(172, 'THR', 40),
(172, 'STL', 47),
(173, 'CNT', 51),
(173, 'PWR', 35),
(173, 'RUN', 70),
(173, 'THR', 62),
(173, 'STL', 70),
(174, 'CNT', 27),
(174, 'PWR', 42),
(174, 'RUN', 51),
(174, 'THR', 64),
(174, 'STL', 55),
(175, 'CNT', 46),
(175, 'PWR', 52),
(175, 'RUN', 45),
(175, 'THR', 64),
(175, 'STL', 56),
(176, 'CNT', 38),
(176, 'PWR', 36),
(176, 'RUN', 45),
(176, 'THR', 60),
(176, 'STL', 44),
(177, 'CNT', 39),
(177, 'PWR', 24),
(177, 'RUN', 75),
(177, 'THR', 64),
(177, 'STL', 69),
(178, 'CNT', 41),
(178, 'PWR', 20),
(178, 'RUN', 75),
(178, 'THR', 56),
(178, 'STL', 72),
(179, 'CNT', 53),
(179, 'PWR', 53),
(179, 'RUN', 64),
(179, 'THR', 62),
(179, 'STL', 70),
(180, 'VEL', 64),
(180, 'CTL', 38),
(180, 'BRK', 59),
(180, 'STM', 46),
(180, 'P4S', 54);

INSERT INTO PLR_ABLT (PLR_ID, ABLT_CD, ABLT_VAL) VALUES
(181, 'VEL', 32),
(181, 'CTL', 51),
(181, 'BRK', 27),
(181, 'STM', 27),
(181, 'P4S', 27),
(182, 'VEL', 78),
(182, 'CTL', 51),
(182, 'BRK', 75),
(182, 'STM', 60),
(182, 'P4S', 66),
(183, 'VEL', 34),
(183, 'CTL', 49),
(183, 'BRK', 29),
(183, 'STM', 53),
(183, 'P4S', 28),
(184, 'VEL', 46),
(184, 'CTL', 50),
(184, 'BRK', 41),
(184, 'STM', 35),
(184, 'P4S', 39),
(185, 'VEL', 56),
(185, 'CTL', 57),
(185, 'BRK', 51),
(185, 'STM', 65),
(185, 'P4S', 47),
(186, 'VEL', 60),
(186, 'CTL', 65),
(186, 'BRK', 55),
(186, 'STM', 27),
(186, 'P4S', 51),
(187, 'VEL', 46),
(187, 'CTL', 52),
(187, 'BRK', 41),
(187, 'STM', 65),
(187, 'P4S', 39),
(188, 'VEL', 64),
(188, 'CTL', 68),
(188, 'BRK', 59),
(188, 'STM', 58),
(188, 'P4S', 54),
(189, 'VEL', 44),
(189, 'CTL', 55),
(189, 'BRK', 39),
(189, 'STM', 40),
(189, 'P4S', 37),
(190, 'VEL', 42),
(190, 'CTL', 65),
(190, 'BRK', 37),
(190, 'STM', 20),
(190, 'P4S', 35),
(191, 'VEL', 63),
(191, 'CTL', 49),
(191, 'BRK', 58),
(191, 'STM', 42),
(191, 'P4S', 53),
(192, 'VEL', 57),
(192, 'CTL', 44),
(192, 'BRK', 52),
(192, 'STM', 48),
(192, 'P4S', 48),
(193, 'VEL', 27),
(193, 'CTL', 59),
(193, 'BRK', 22),
(193, 'STM', 28),
(193, 'P4S', 22),
(194, 'CNT', 25),
(194, 'PWR', 31),
(194, 'RUN', 52),
(194, 'THR', 64),
(194, 'STL', 53),
(195, 'CNT', 39),
(195, 'PWR', 39),
(195, 'RUN', 46),
(195, 'THR', 56),
(195, 'STL', 53),
(196, 'CNT', 49),
(196, 'PWR', 32),
(196, 'RUN', 72),
(196, 'THR', 60),
(196, 'STL', 68),
(197, 'CNT', 31),
(197, 'PWR', 49),
(197, 'RUN', 42),
(197, 'THR', 44),
(197, 'STL', 50),
(198, 'CNT', 39),
(198, 'PWR', 47),
(198, 'RUN', 44),
(198, 'THR', 61),
(198, 'STL', 58),
(199, 'CNT', 63),
(199, 'PWR', 73),
(199, 'RUN', 46),
(199, 'THR', 62),
(199, 'STL', 58),
(200, 'CNT', 40),
(200, 'PWR', 34),
(200, 'RUN', 37),
(200, 'THR', 60),
(200, 'STL', 45);

INSERT INTO PLR_ABLT (PLR_ID, ABLT_CD, ABLT_VAL) VALUES
(201, 'CNT', 38),
(201, 'PWR', 36),
(201, 'RUN', 31),
(201, 'THR', 56),
(201, 'STL', 26),
(202, 'CNT', 29),
(202, 'PWR', 25),
(202, 'RUN', 38),
(202, 'THR', 64),
(202, 'STL', 54),
(203, 'CNT', 30),
(203, 'PWR', 39),
(203, 'RUN', 64),
(203, 'THR', 56),
(203, 'STL', 58),
(204, 'VEL', 51),
(204, 'CTL', 66),
(204, 'BRK', 46),
(204, 'STM', 56),
(204, 'P4S', 43),
(205, 'VEL', 57),
(205, 'CTL', 37),
(205, 'BRK', 52),
(205, 'STM', 28),
(205, 'P4S', 48),
(206, 'VEL', 78),
(206, 'CTL', 63),
(206, 'BRK', 74),
(206, 'STM', 62),
(206, 'P4S', 66),
(207, 'VEL', 46),
(207, 'CTL', 54),
(207, 'BRK', 41),
(207, 'STM', 38),
(207, 'P4S', 39),
(208, 'VEL', 49),
(208, 'CTL', 70),
(208, 'BRK', 44),
(208, 'STM', 50),
(208, 'P4S', 41),
(209, 'VEL', 44),
(209, 'CTL', 65),
(209, 'BRK', 39),
(209, 'STM', 56),
(209, 'P4S', 37),
(210, 'VEL', 51),
(210, 'CTL', 54),
(210, 'BRK', 46),
(210, 'STM', 38),
(210, 'P4S', 43),
(211, 'VEL', 40),
(211, 'CTL', 71),
(211, 'BRK', 35),
(211, 'STM', 52),
(211, 'P4S', 34),
(212, 'VEL', 50),
(212, 'CTL', 53),
(212, 'BRK', 45),
(212, 'STM', 51),
(212, 'P4S', 42),
(213, 'VEL', 57),
(213, 'CTL', 66),
(213, 'BRK', 52),
(213, 'STM', 43),
(213, 'P4S', 48),
(214, 'VEL', 30),
(214, 'CTL', 67),
(214, 'BRK', 25),
(214, 'STM', 38),
(214, 'P4S', 25),
(215, 'VEL', 54),
(215, 'CTL', 63),
(215, 'BRK', 49),
(215, 'STM', 57),
(215, 'P4S', 45),
(216, 'VEL', 47),
(216, 'CTL', 65),
(216, 'BRK', 42),
(216, 'STM', 33),
(216, 'P4S', 39),
(217, 'CNT', 45),
(217, 'PWR', 49),
(217, 'RUN', 36),
(217, 'THR', 44),
(217, 'STL', 38),
(218, 'CNT', 33),
(218, 'PWR', 46),
(218, 'RUN', 59),
(218, 'THR', 62),
(218, 'STL', 56),
(219, 'CNT', 47),
(219, 'PWR', 28),
(219, 'RUN', 41),
(219, 'THR', 62),
(219, 'STL', 40),
(220, 'CNT', 40),
(220, 'PWR', 75),
(220, 'RUN', 30),
(220, 'THR', 40),
(220, 'STL', 26);

INSERT INTO PLR_ABLT (PLR_ID, ABLT_CD, ABLT_VAL) VALUES
(221, 'CNT', 34),
(221, 'PWR', 35),
(221, 'RUN', 75),
(221, 'THR', 62),
(221, 'STL', 67),
(222, 'CNT', 68),
(222, 'PWR', 51),
(222, 'RUN', 41),
(222, 'THR', 56),
(222, 'STL', 37),
(223, 'CNT', 41),
(223, 'PWR', 24),
(223, 'RUN', 75),
(223, 'THR', 60),
(223, 'STL', 71),
(224, 'CNT', 35),
(224, 'PWR', 29),
(224, 'RUN', 30),
(224, 'THR', 66),
(224, 'STL', 36),
(225, 'CNT', 29),
(225, 'PWR', 25),
(225, 'RUN', 37),
(225, 'THR', 56),
(225, 'STL', 42),
(226, 'VEL', 63),
(226, 'CTL', 29),
(226, 'BRK', 58),
(226, 'STM', 39),
(226, 'P4S', 53),
(227, 'VEL', 51),
(227, 'CTL', 57),
(227, 'BRK', 46),
(227, 'STM', 65),
(227, 'P4S', 43),
(228, 'VEL', 59),
(228, 'CTL', 45),
(228, 'BRK', 54),
(228, 'STM', 32),
(228, 'P4S', 50),
(229, 'VEL', 29),
(229, 'CTL', 33),
(229, 'BRK', 24),
(229, 'STM', 27),
(229, 'P4S', 24),
(230, 'VEL', 40),
(230, 'CTL', 46),
(230, 'BRK', 35),
(230, 'STM', 51),
(230, 'P4S', 34),
(231, 'VEL', 40),
(231, 'CTL', 53),
(231, 'BRK', 35),
(231, 'STM', 29),
(231, 'P4S', 34),
(232, 'VEL', 78),
(232, 'CTL', 62),
(232, 'BRK', 75),
(232, 'STM', 52),
(232, 'P4S', 66),
(233, 'VEL', 56),
(233, 'CTL', 56),
(233, 'BRK', 51),
(233, 'STM', 65),
(233, 'P4S', 47),
(234, 'VEL', 74),
(234, 'CTL', 48),
(234, 'BRK', 69),
(234, 'STM', 38),
(234, 'P4S', 62),
(235, 'VEL', 78),
(235, 'CTL', 64),
(235, 'BRK', 75),
(235, 'STM', 64),
(235, 'P4S', 66),
(236, 'VEL', 44),
(236, 'CTL', 57),
(236, 'BRK', 39),
(236, 'STM', 43),
(236, 'P4S', 37),
(237, 'VEL', 57),
(237, 'CTL', 52),
(237, 'BRK', 52),
(237, 'STM', 46),
(237, 'P4S', 48),
(238, 'VEL', 74),
(238, 'CTL', 63),
(238, 'BRK', 69),
(238, 'STM', 54),
(238, 'P4S', 62),
(239, 'CNT', 26),
(239, 'PWR', 28),
(239, 'RUN', 75),
(239, 'THR', 61),
(239, 'STL', 69),
(240, 'CNT', 44),
(240, 'PWR', 41),
(240, 'RUN', 39),
(240, 'THR', 62),
(240, 'STL', 39);

INSERT INTO PLR_ABLT (PLR_ID, ABLT_CD, ABLT_VAL) VALUES
(241, 'CNT', 42),
(241, 'PWR', 45),
(241, 'RUN', 31),
(241, 'THR', 44),
(241, 'STL', 50),
(242, 'CNT', 69),
(242, 'PWR', 50),
(242, 'RUN', 41),
(242, 'THR', 56),
(242, 'STL', 56),
(243, 'CNT', 65),
(243, 'PWR', 53),
(243, 'RUN', 38),
(243, 'THR', 62),
(243, 'STL', 33),
(244, 'CNT', 48),
(244, 'PWR', 41),
(244, 'RUN', 55),
(244, 'THR', 62),
(244, 'STL', 57),
(245, 'CNT', 37),
(245, 'PWR', 61),
(245, 'RUN', 37),
(245, 'THR', 64),
(245, 'STL', 54),
(246, 'CNT', 37),
(246, 'PWR', 20),
(246, 'RUN', 75),
(246, 'THR', 61),
(246, 'STL', 70),
(247, 'CNT', 49),
(247, 'PWR', 30),
(247, 'RUN', 48),
(247, 'THR', 64),
(247, 'STL', 43),
(248, 'CNT', 25),
(248, 'PWR', 24),
(248, 'RUN', 32),
(248, 'THR', 66),
(248, 'STL', 38),
(249, 'CNT', 41),
(249, 'PWR', 38),
(249, 'RUN', 48),
(249, 'THR', 40),
(249, 'STL', 50),
(250, 'CNT', 36),
(250, 'PWR', 34),
(250, 'RUN', 43),
(250, 'THR', 60),
(250, 'STL', 43),
(251, 'CNT', 50),
(251, 'PWR', 29),
(251, 'RUN', 75),
(251, 'THR', 61),
(251, 'STL', 69),
(252, 'VEL', 75),
(252, 'CTL', 57),
(252, 'BRK', 70),
(252, 'STM', 55),
(252, 'P4S', 63),
(253, 'VEL', 61),
(253, 'CTL', 39),
(253, 'BRK', 56),
(253, 'STM', 24),
(253, 'P4S', 51),
(254, 'VEL', 62),
(254, 'CTL', 59),
(254, 'BRK', 57),
(254, 'STM', 29),
(254, 'P4S', 52),
(255, 'VEL', 45),
(255, 'CTL', 68),
(255, 'BRK', 40),
(255, 'STM', 51),
(255, 'P4S', 38),
(256, 'VEL', 65),
(256, 'CTL', 65),
(256, 'BRK', 60),
(256, 'STM', 58),
(256, 'P4S', 55),
(257, 'VEL', 47),
(257, 'CTL', 52),
(257, 'BRK', 42),
(257, 'STM', 22),
(257, 'P4S', 39),
(258, 'VEL', 63),
(258, 'CTL', 32),
(258, 'BRK', 58),
(258, 'STM', 47),
(258, 'P4S', 53),
(259, 'VEL', 78),
(259, 'CTL', 33),
(259, 'BRK', 75),
(259, 'STM', 36),
(259, 'P4S', 66),
(260, 'VEL', 43),
(260, 'CTL', 46),
(260, 'BRK', 38),
(260, 'STM', 20),
(260, 'P4S', 36);

INSERT INTO PLR_ABLT (PLR_ID, ABLT_CD, ABLT_VAL) VALUES
(261, 'VEL', 51),
(261, 'CTL', 55),
(261, 'BRK', 46),
(261, 'STM', 65),
(261, 'P4S', 43),
(262, 'VEL', 70),
(262, 'CTL', 48),
(262, 'BRK', 65),
(262, 'STM', 65),
(262, 'P4S', 59),
(263, 'VEL', 69),
(263, 'CTL', 62),
(263, 'BRK', 64),
(263, 'STM', 49),
(263, 'P4S', 58),
(264, 'VEL', 78),
(264, 'CTL', 57),
(264, 'BRK', 75),
(264, 'STM', 32),
(264, 'P4S', 66),
(265, 'CNT', 44),
(265, 'PWR', 35),
(265, 'RUN', 45),
(265, 'THR', 44),
(265, 'STL', 45),
(266, 'CNT', 59),
(266, 'PWR', 66),
(266, 'RUN', 34),
(266, 'THR', 61),
(266, 'STL', 52),
(267, 'CNT', 42),
(267, 'PWR', 29),
(267, 'RUN', 75),
(267, 'THR', 64),
(267, 'STL', 71),
(268, 'CNT', 43),
(268, 'PWR', 28),
(268, 'RUN', 49),
(268, 'THR', 60),
(268, 'STL', 49),
(269, 'CNT', 33),
(269, 'PWR', 47),
(269, 'RUN', 39),
(269, 'THR', 62),
(269, 'STL', 33),
(270, 'CNT', 44),
(270, 'PWR', 36),
(270, 'RUN', 39),
(270, 'THR', 40),
(270, 'STL', 54),
(271, 'CNT', 44),
(271, 'PWR', 57),
(271, 'RUN', 75),
(271, 'THR', 61),
(271, 'STL', 72),
(272, 'CNT', 46),
(272, 'PWR', 36),
(272, 'RUN', 57),
(272, 'THR', 64),
(272, 'STL', 53),
(273, 'CNT', 55),
(273, 'PWR', 30),
(273, 'RUN', 37),
(273, 'THR', 60),
(273, 'STL', 30),
(274, 'VEL', 57),
(274, 'CTL', 44),
(274, 'BRK', 52),
(274, 'STM', 65),
(274, 'P4S', 48),
(275, 'VEL', 75),
(275, 'CTL', 36),
(275, 'BRK', 70),
(275, 'STM', 64),
(275, 'P4S', 63),
(276, 'VEL', 58),
(276, 'CTL', 44),
(276, 'BRK', 53),
(276, 'STM', 59),
(276, 'P4S', 49),
(277, 'VEL', 78),
(277, 'CTL', 63),
(277, 'BRK', 75),
(277, 'STM', 58),
(277, 'P4S', 66),
(278, 'VEL', 78),
(278, 'CTL', 48),
(278, 'BRK', 75),
(278, 'STM', 51),
(278, 'P4S', 66),
(279, 'VEL', 42),
(279, 'CTL', 57),
(279, 'BRK', 37),
(279, 'STM', 63),
(279, 'P4S', 35),
(280, 'VEL', 53),
(280, 'CTL', 71),
(280, 'BRK', 48),
(280, 'STM', 49),
(280, 'P4S', 45);

INSERT INTO PLR_ABLT (PLR_ID, ABLT_CD, ABLT_VAL) VALUES
(281, 'VEL', 78),
(281, 'CTL', 72),
(281, 'BRK', 75),
(281, 'STM', 63),
(281, 'P4S', 66),
(282, 'VEL', 53),
(282, 'CTL', 51),
(282, 'BRK', 48),
(282, 'STM', 65),
(282, 'P4S', 45),
(283, 'VEL', 66),
(283, 'CTL', 48),
(283, 'BRK', 61),
(283, 'STM', 20),
(283, 'P4S', 56),
(284, 'CNT', 44),
(284, 'PWR', 49),
(284, 'RUN', 75),
(284, 'THR', 64),
(284, 'STL', 71),
(285, 'CNT', 38),
(285, 'PWR', 50),
(285, 'RUN', 41),
(285, 'THR', 62),
(285, 'STL', 49),
(286, 'CNT', 46),
(286, 'PWR', 80),
(286, 'RUN', 31),
(286, 'THR', 44),
(286, 'STL', 35),
(287, 'CNT', 48),
(287, 'PWR', 31),
(287, 'RUN', 43),
(287, 'THR', 44),
(287, 'STL', 40),
(288, 'CNT', 46),
(288, 'PWR', 37),
(288, 'RUN', 44),
(288, 'THR', 56),
(288, 'STL', 48),
(289, 'CNT', 38),
(289, 'PWR', 42),
(289, 'RUN', 75),
(289, 'THR', 61),
(289, 'STL', 67),
(290, 'CNT', 52),
(290, 'PWR', 35),
(290, 'RUN', 75),
(290, 'THR', 61),
(290, 'STL', 67),
(291, 'CNT', 49),
(291, 'PWR', 21),
(291, 'RUN', 75),
(291, 'THR', 61),
(291, 'STL', 70),
(292, 'CNT', 27),
(292, 'PWR', 37),
(292, 'RUN', 55),
(292, 'THR', 61),
(292, 'STL', 51),
(293, 'VEL', 28),
(293, 'CTL', 43),
(293, 'BRK', 23),
(293, 'STM', 24),
(293, 'P4S', 23),
(294, 'VEL', 51),
(294, 'CTL', 62),
(294, 'BRK', 46),
(294, 'STM', 46),
(294, 'P4S', 43),
(295, 'VEL', 49),
(295, 'CTL', 49),
(295, 'BRK', 44),
(295, 'STM', 30),
(295, 'P4S', 41),
(296, 'VEL', 63),
(296, 'CTL', 41),
(296, 'BRK', 58),
(296, 'STM', 65),
(296, 'P4S', 53),
(297, 'VEL', 78),
(297, 'CTL', 66),
(297, 'BRK', 75),
(297, 'STM', 56),
(297, 'P4S', 66),
(298, 'VEL', 56),
(298, 'CTL', 61),
(298, 'BRK', 51),
(298, 'STM', 52),
(298, 'P4S', 47),
(299, 'VEL', 41),
(299, 'CTL', 35),
(299, 'BRK', 36),
(299, 'STM', 27),
(299, 'P4S', 34),
(300, 'VEL', 55),
(300, 'CTL', 37),
(300, 'BRK', 50),
(300, 'STM', 65),
(300, 'P4S', 46);

INSERT INTO PLR_ABLT (PLR_ID, ABLT_CD, ABLT_VAL) VALUES
(301, 'VEL', 47),
(301, 'CTL', 63),
(301, 'BRK', 42),
(301, 'STM', 51),
(301, 'P4S', 39),
(302, 'VEL', 46),
(302, 'CTL', 73),
(302, 'BRK', 41),
(302, 'STM', 38),
(302, 'P4S', 39),
(303, 'VEL', 50),
(303, 'CTL', 42),
(303, 'BRK', 45),
(303, 'STM', 32),
(303, 'P4S', 42),
(304, 'VEL', 41),
(304, 'CTL', 49),
(304, 'BRK', 36),
(304, 'STM', 65),
(304, 'P4S', 34),
(305, 'VEL', 40),
(305, 'CTL', 53),
(305, 'BRK', 35),
(305, 'STM', 39),
(305, 'P4S', 34),
(306, 'CNT', 32),
(306, 'PWR', 41),
(306, 'RUN', 34),
(306, 'THR', 66),
(306, 'STL', 39),
(307, 'CNT', 28),
(307, 'PWR', 20),
(307, 'RUN', 35),
(307, 'THR', 66),
(307, 'STL', 38),
(308, 'CNT', 44),
(308, 'PWR', 31),
(308, 'RUN', 45),
(308, 'THR', 60),
(308, 'STL', 43),
(309, 'CNT', 22),
(309, 'PWR', 33),
(309, 'RUN', 66),
(309, 'THR', 62),
(309, 'STL', 69),
(310, 'CNT', 37),
(310, 'PWR', 33),
(310, 'RUN', 33),
(310, 'THR', 64),
(310, 'STL', 51),
(311, 'CNT', 36),
(311, 'PWR', 27),
(311, 'RUN', 48),
(311, 'THR', 64),
(311, 'STL', 46),
(312, 'CNT', 35),
(312, 'PWR', 44),
(312, 'RUN', 67),
(312, 'THR', 62),
(312, 'STL', 66),
(313, 'CNT', 32),
(313, 'PWR', 41),
(313, 'RUN', 53),
(313, 'THR', 56),
(313, 'STL', 52),
(314, 'CNT', 28),
(314, 'PWR', 20),
(314, 'RUN', 53),
(314, 'THR', 60),
(314, 'STL', 63),
(315, 'CNT', 33),
(315, 'PWR', 25),
(315, 'RUN', 48),
(315, 'THR', 62),
(315, 'STL', 60),
(316, 'CNT', 52),
(316, 'PWR', 51),
(316, 'RUN', 32),
(316, 'THR', 44),
(316, 'STL', 30),
(317, 'CNT', 43),
(317, 'PWR', 43),
(317, 'RUN', 33),
(317, 'THR', 40),
(317, 'STL', 27),
(318, 'CNT', 38),
(318, 'PWR', 52),
(318, 'RUN', 38),
(318, 'THR', 56),
(318, 'STL', 42),
(319, 'VEL', 33),
(319, 'CTL', 52),
(319, 'BRK', 28),
(319, 'STM', 46),
(319, 'P4S', 28),
(320, 'VEL', 50),
(320, 'CTL', 54),
(320, 'BRK', 45),
(320, 'STM', 35),
(320, 'P4S', 42);

INSERT INTO PLR_ABLT (PLR_ID, ABLT_CD, ABLT_VAL) VALUES
(321, 'VEL', 28),
(321, 'CTL', 50),
(321, 'BRK', 23),
(321, 'STM', 28),
(321, 'P4S', 23),
(322, 'VEL', 31),
(322, 'CTL', 57),
(322, 'BRK', 26),
(322, 'STM', 39),
(322, 'P4S', 26),
(323, 'VEL', 76),
(323, 'CTL', 64),
(323, 'BRK', 71),
(323, 'STM', 57),
(323, 'P4S', 64),
(324, 'VEL', 61),
(324, 'CTL', 78),
(324, 'BRK', 56),
(324, 'STM', 57),
(324, 'P4S', 51),
(325, 'VEL', 50),
(325, 'CTL', 63),
(325, 'BRK', 45),
(325, 'STM', 53),
(325, 'P4S', 42),
(326, 'VEL', 22),
(326, 'CTL', 24),
(326, 'BRK', 20),
(326, 'STM', 25),
(326, 'P4S', 20),
(327, 'VEL', 28),
(327, 'CTL', 58),
(327, 'BRK', 23),
(327, 'STM', 27),
(327, 'P4S', 23),
(328, 'VEL', 54),
(328, 'CTL', 78),
(328, 'BRK', 49),
(328, 'STM', 63),
(328, 'P4S', 45),
(329, 'VEL', 51),
(329, 'CTL', 48),
(329, 'BRK', 46),
(329, 'STM', 52),
(329, 'P4S', 43),
(330, 'VEL', 57),
(330, 'CTL', 65),
(330, 'BRK', 52),
(330, 'STM', 58),
(330, 'P4S', 48),
(331, 'VEL', 54),
(331, 'CTL', 67),
(331, 'BRK', 49),
(331, 'STM', 46),
(331, 'P4S', 45),
(332, 'VEL', 29),
(332, 'CTL', 65),
(332, 'BRK', 24),
(332, 'STM', 41),
(332, 'P4S', 24),
(333, 'VEL', 30),
(333, 'CTL', 22),
(333, 'BRK', 25),
(333, 'STM', 26),
(333, 'P4S', 25),
(334, 'VEL', 47),
(334, 'CTL', 22),
(334, 'BRK', 42),
(334, 'STM', 35),
(334, 'P4S', 39),
(335, 'VEL', 54),
(335, 'CTL', 57),
(335, 'BRK', 49),
(335, 'STM', 36),
(335, 'P4S', 45),
(336, 'VEL', 33),
(336, 'CTL', 32),
(336, 'BRK', 28),
(336, 'STM', 29),
(336, 'P4S', 28),
(337, 'VEL', 38),
(337, 'CTL', 47),
(337, 'BRK', 33),
(337, 'STM', 40),
(337, 'P4S', 32),
(338, 'VEL', 37),
(338, 'CTL', 51),
(338, 'BRK', 32),
(338, 'STM', 51),
(338, 'P4S', 31),
(339, 'VEL', 47),
(339, 'CTL', 63),
(339, 'BRK', 42),
(339, 'STM', 20),
(339, 'P4S', 39);
